L_thumb,L_index,L_middle,L_ring,L_pinky,L_wrist,R_thumb,R_index,R_middle,R_ring,R_pinky,R_wrist,label
0.06790299301023256,0.988978423208975,0.0,0.0,0.0,0.02284202584022174,0.0,1.0,0.0,0.0,0.10692921024460705,0.0,2
1.0,1.0,0.9939218648375328,0.9422059716316047,0.9393375370023183,0.0330387448262775,0.9178174385495864,0.9350954446307544,1.0,0.869814662145816,0.9032541327021473,0.06982193242765883,0
0.0,1.0,0.11551881510927076,0.07405331596839712,0.05583529256988454,0.0,0.04028530486057835,0.8612105617930783,0.12484866701049041,0.0,0.09480670194891061,0.03835198839951945,2
0.0,1.0,1.0,0.10518521146937143,0.0,0.0,0.17721250413275563,1.0,1.0,0.0,0.0013321635859944725,0.0,4
1.0,1.0,1.0,1.0,1.0,0.0,0.9672909724881645,0.9997491575040257,1.0,0.9071276203614875,1.0,0.07748510086779342,0
0.09916902365605637,0.0,0.10639999139906728,0.0,0.11581927284321411,0.0,0.0,0.01759864917728174,0.0,0.07320748479374417,0.11547118211038887,0.0,1
1.0,0.04678045849343207,0.0,0.0,0.01517535653065144,0.0,0.9876525699233467,0.0,0.0,0.14306692075619198,0.05637960987302423,0.16539439765387692,3
0.9391645925265665,1.0,0.933968089118276,1.0,0.9514274956664579,0.0,0.9184447132319523,0.8638746780637774,1.0,0.9566899067347777,1.0,0.11461588564700242,0
0.8875643292069343,0.0,0.0,0.0481515606765702,0.0866819694003434,0.0,0.9965110468720629,0.0,0.0,0.0,0.14611514949245974,0.0,3
0.0,0.9261164367436638,0.040547869318434265,0.0,0.0917486538230238,0.07126179963717175,0.022339482200466942,0.8882371129459322,0.0,0.015012955235116227,0.15801236207810715,0.0,2
0.0,1.0,0.047209494651830664,0.0,0.0,0.01588194440745125,0.16975383033599545,0.8795865592180802,0.09026200490698372,0.0,0.10057398245102822,0.0,2
0.08395433294995205,1.0,0.0,0.0,0.0,0.04702932622869321,0.08134470424213158,1.0,0.06419441016599334,0.17585430762942933,0.0,0.16214333559402966,2
0.0,1.0,0.0,0.005539190284428924,0.06774065007149213,0.0,0.0,1.0,0.05074786307153045,0.15950672055788945,0.0,0.15795335856288473,2
1.0,0.0,0.09230045237805751,0.0,0.0,0.0,0.8629085572898871,0.0,0.0,0.0,0.0,0.010223057431750615,3
0.022829121868203656,1.0,1.0,0.11896093656518367,0.0,0.0,0.0,0.9882166509207568,1.0,0.11513294194242002,0.01459812062926824,0.0,4
1.0,0.0,0.0,0.10833406107113228,0.0,0.06998225513506112,0.8910279114169295,0.17565464838078715,0.037964817093749575,0.0,0.0,0.06341736028382433,3
0.0,0.9933251529773381,1.0,0.0,0.10348639320397396,0.02271533628151548,0.0,0.9531780720350546,1.0,0.14697314234711945,0.026167149242271093,0.15310549245743332,4
1.0,0.9258648233761386,0.9656738022484872,1.0,1.0,0.0,1.0,0.9986331615533282,0.9991084212977058,1.0,1.0,0.10841331146463856,0
0.011312652589440947,1.0,0.06754692416513236,0.0,0.0,0.0,0.09789858375390481,0.9128598758206635,0.0,0.0,0.1355968329246069,0.05410514990015233,2
0.0,1.0,0.08828610888805041,0.003231370216049051,0.06720505428350848,0.0,0.13543064503805652,1.0,0.0,0.14187529955733458,0.0,0.0,2
0.0,0.9921262691223957,1.0,0.0,0.0,0.1190666071756731,0.0,1.0,1.0,0.0,0.0,0.016600603509223683,4
0.9225069009887187,0.0,0.04741395850109753,0.0,0.0,0.01888707941224549,1.0,0.0,0.013661562239647401,0.0,0.07278748807450547,0.0,3
0.0,0.9343929214892868,0.9824371548064487,0.001746217042222123,0.1132782894994469,0.0,0.10364839095964434,0.8634855410100284,1.0,0.0,0.12727445268605042,0.0,4
0.08044640589558993,0.0,0.08963826661933735,0.0,0.0,0.0,0.0,0.03814330472368202,0.0,0.15487597325125835,0.0,0.0,1
0.04962958404788875,0.0,0.11149686032988418,0.0,0.0,0.0,0.0,0.17440131622725835,0.04102761265801699,0.007561995559401208,0.07617809941523324,0.03509012297307468,1
0.0,1.0,0.9905369546770892,0.0,0.049455921811245085,0.04103141024342752,0.12052284562731658,1.0,0.9209191175780054,0.03907860172239863,0.03319942403594148,0.15838753796813992,4
0.027915681044383578,0.0,0.07618607496883953,0.05109568433475947,0.04100886370414461,0.008036382934830666,0.0,0.0,0.06641207092993479,0.07567772474838536,0.0,0.0,1
0.0,0.9835564429608278,1.0,0.04436587448031226,0.025118198579925727,0.0,0.0,0.8808195893371293,0.8684882676316973,0.1375431118924051,0.0,0.0,4
0.0,0.9093695941956587,0.006621342731458146,0.018692333360779523,0.03870455412287205,0.1143238686571269,0.02106548444029055,1.0,0.05741307998425016,0.08469658038102723,0.0,0.0,2
0.0,1.0,0.0,0.0,0.08542861272121868,0.0,0.0,1.0,0.0,0.10970151994659771,0.0,0.13336469286259434,2
0.10839457001582592,0.0,0.06615669857100565,0.0,0.0,0.0,0.09764111988984042,0.0,0.08554284451926308,0.0,0.0,0.09755854840446793,1
0.8956420816551023,0.0,0.10767888784057314,0.0,0.0,0.10062586827856054,0.980596762281286,0.17874735889234245,0.0,0.0,0.0,0.10439933893274195,3
0.961681322359428,1.0,1.0,0.9463044581814843,0.8824362674652825,0.10753501866648749,0.9966956806282911,1.0,0.8534992061996818,0.8997747041701109,1.0,0.0,0
1.0,0.8971383608453954,0.9198214694129739,0.9538268350274158,1.0,0.016609691836582174,0.9977662789642303,0.8489590666837483,0.8343498823061007,0.9755303190978781,0.936035770008988,0.0,0
0.01570112889876421,1.0,0.8960305865450736,0.06665757047571993,0.0,0.10477787469145317,0.0,1.0,0.9488364170295804,0.15501997635997422,0.0,0.1496949781921887,4
0.9043018746336006,0.9293321144123049,0.9255962218212125,1.0,1.0,0.055193761360869564,0.8752923764260243,0.9498984116418183,0.9739381446804569,0.9260378016278373,1.0,0.03607759008495676,0
0.11605898355129476,0.11608041063055194,0.06692875614062613,0.0,0.0,0.09357971479309307,0.1073153666307497,0.0,0.0,0.0,0.1002697679689677,0.0,1
0.09235524405419188,0.9013664527293257,1.0,0.0,0.0,0.04575029073466247,0.0,0.8335486198365002,1.0,0.17101853801357642,0.023416670215017116,0.04192513217873667,4
0.0,1.0,0.0354154252088861,0.0,0.0,0.0,0.1693387674160417,0.8560841675158626,0.009640277992374158,0.0816352649790042,0.11087738159480592,0.03718566593455358,2
0.0,0.9920570757002152,1.0,0.0998730248626988,0.015291716471563882,0.0,0.09795192613740938,1.0,1.0,0.16091619872877444,0.0,0.0,4
0.07463864630741363,0.027328268026749786,0.0,0.0,0.0,0.0,0.008884002195516494,0.0,0.0,0.1465947759788937,0.0,0.0,1
0.09494075782897499,1.0,0.0,0.007315353753883924,0.023906756367740895,0.04306399481042242,0.14984436794914513,1.0,0.15583746027606982,0.11185898934688027,0.07607040559892414,0.0,2
1.0,0.9021913591664473,1.0,0.9257155884233772,0.9444307810851955,0.04168126095229882,0.9925819143295294,1.0,0.9398671518947757,1.0,0.8255201342422575,0.15737751475280914,0
0.10580358634234488,0.04576378926776162,0.06931265057015165,0.0,0.012654696794790393,0.0,0.0,0.14752407599888195,0.0,0.17207742758433225,0.0,0.0,1
1.0,0.0,0.0,0.0,0.0,0.012111544691375514,1.0,0.0017005397807095535,0.0,0.15884989916402648,0.1794761257166092,0.0,3
0.05211091775756893,0.9946001558234118,0.8905813195317278,0.04690844338316669,0.0,0.0,0.0,1.0,1.0,0.0,0.0,0.0,4
0.025252460057168885,0.9877523251527026,0.0,0.016642141034283214,0.07842814025892908,0.0,0.0,0.9329839620177973,0.0,0.0,0.17396919022070978,0.027364230289400243,2
0.02343567345700462,0.06326149100681205,0.0,0.05037477190140055,0.0,0.07549778601872362,0.0,0.06869452919578942,0.10225070029661049,0.0,0.09888923089453394,0.09264025237596846,1
0.0,0.0811461915219501,0.05404812007983345,0.0,0.05123851376647737,0.019660469759076787,0.0,0.0,0.0,0.09647984000793475,0.0,0.0,1
0.9724072032544855,0.0,0.0,0.0,0.0,0.0,1.0,0.11411621592552001,0.027792533234033467,0.0,0.0,0.0436725218192463,3
1.0,0.0,0.0,0.08018313868687518,0.0,0.0,1.0,0.0025058728369169725,0.0,0.0986660812569406,0.16343349850100036,0.0,3
0.0,0.0,0.003927813852245693,0.11271950084139229,0.07934913155289988,0.0631590487899058,0.0,0.06748807380711547,0.11763669936305993,0.10783032045846458,0.0,0.0,1
1.0,1.0,1.0,1.0,1.0,0.0780567041583917,0.9699712421187686,1.0,0.9992937016490018,1.0,0.9242817964485781,0.1643940611835858,0
0.0,0.993293959403323,0.09803567398760643,0.0,0.0,0.10759876458278836,0.0,1.0,0.0,0.10037099072343098,0.010390342903859678,0.0,2
1.0,0.0872984109558245,0.03028569872928724,0.0,0.09088345108032764,0.05679205640626461,1.0,0.0,0.03604666563685752,0.0455533549883092,0.0,0.07056063589577061,3
0.05520426111479465,0.05668292618858539,0.0,0.0,0.019072087208759664,0.09403743075277746,0.0,0.0966983007007679,0.0,0.011203821465039648,0.0,0.10728630520995902,1
0.0,0.10353509756055904,0.0,0.0,0.09463590068884958,0.0,0.13418729942698726,0.0,0.0,0.0,0.042694883705450964,0.0,1
1.0,0.9985880860041733,1.0,1.0,0.9877372616788151,0.10179702201255825,0.8445830530584721,0.9791949029810625,0.9290153566500446,0.9188825202950173,0.8402219632767081,0.002641278704320127,0
0.9364489348002235,0.9087727873473098,1.0,0.93909168346927,1.0,0.02865156247970474,0.9059269429417046,0.9624829048448517,1.0,0.9279989487275544,0.9338237906578675,0.09067121726918476,0
1.0,1.0,0.9761882425598838,0.9140499169963044,1.0,0.0,1.0,1.0,0.8505845343917846,0.8389391775131878,0.8766675629585752,0.042421745493370994,0
0.0,0.9106976834015788,1.0,0.1018383550878528,0.0,0.0,0.08091994976145972,0.9695839265734103,0.8211066791237984,0.043580917454089735,0.0,0.0,4
0.9943029474595525,0.8989492119457799,1.0,1.0,1.0,0.09610921475318204,1.0,1.0,1.0,0.8654269595098742,0.9724149637536158,0.17578077708128964,0
0.02445820234339449,1.0,0.0,0.04782350912947608,0.07561242207623295,0.0,0.164716971360874,1.0,0.0,0.0,0.0,0.1107208122677556,2
0.05948849361038086,0.08193343258005881,0.0,0.08335226194093173,0.07399314703840704,0.0054551966902085525,0.0,0.0,0.12217745320746165,0.06861414613104361,0.0,0.0912938212962594,1
0.9462904877279537,0.0,0.08346546789007056,0.0,0.0,0.031936756973957814,1.0,0.03771756885913652,0.013071660339988744,0.11668911912934699,0.05250296792201861,0.1647812504510231,3
0.0,1.0,0.08197500794178222,0.0,0.0,0.0,0.0,0.9489113162760323,0.0,0.0,0.06301588707884825,0.0,2
0.06120910327865389,1.0,0.010941296517518989,0.0,0.03648206991387487,0.0,0.07173200300262567,0.9552469781474895,0.0924792141087713,0.0,0.08933355453410718,0.0,2
0.9273750980494188,0.010168520073966736,0.0,0.0,0.016639024632458338,0.019611250930587604,1.0,0.0,0.0,0.09164169003502126,0.03648749275108837,0.0,3
0.9019184527914365,1.0,1.0,1.0,1.0,0.11989738005058831,1.0,0.8853360930003253,1.0,1.0,0.9970212887887648,0.0,0
0.0,1.0,0.1025349382365949,0.0,0.0,0.019496059666640697,0.0,0.9890467272862683,0.0,0.16834179673903016,0.1490505546854508,0.0,2
0.9163951488022414,0.011293433132505692,0.0,0.09985710241308685,0.0,0.0,1.0,0.0,0.0,0.0,0.1437859118237001,0.04204740749338179,3
0.0594776082526306,0.10229689019337776,0.0,0.09046473252156326,0.02710357695148438,0.06277534054526723,0.0,0.1270921180563197,0.05667101196344784,0.10735926597115586,0.0,0.0,1
0.0,0.9520241370928738,0.0,0.0,0.0,0.07121908240919259,0.09178599651915714,0.9234176873494226,0.16897037149207478,0.0,0.05847054833882673,0.0,2
0.9872963487793115,0.9084896444928718,0.9993696035359603,1.0,0.9046343971552366,0.0,1.0,0.8944664495859634,1.0,1.0,0.9508032919251319,0.0,0
1.0,1.0,0.9750276903887818,1.0,1.0,0.01879470361416849,1.0,0.8314245535683085,0.9671920968949294,1.0,1.0,0.17219998257267632,0
0.0,1.0,1.0,0.04481939840002405,0.0,0.0,0.0,0.9844212599976858,1.0,0.0,0.032627775910000656,0.09812552068732916,4
0.9433384357650766,0.0,0.03818667087856431,0.06439537277171681,0.0937320949796916,0.0,1.0,0.02942964931756678,0.0,0.08085337147256216,0.13541244137977065,0.049894329375995444,3
0.0,0.0,0.0,0.05312141576687457,0.0,0.0,0.03759462457084628,0.0,0.0,0.003389369194842007,0.018738010937167038,0.0,1
0.9205744380328941,0.08430067822822768,0.0,0.0,0.004903585739636174,0.09982201342006505,0.975861881982583,0.0,0.08999914436217255,0.09351542291350379,0.0,0.0,3
0.0,0.9399925740073123,0.0,0.027957232900983786,0.0,0.05352777929243446,0.0,0.9357194734218652,0.023512449678352698,0.0,0.0,0.06854304190964028,2
1.0,0.0932649938506055,0.11499145994264562,0.05923026727704811,0.049619022840495075,0.11565988605732125,0.9485467018763316,0.1649127934094642,0.0,0.12958009196729386,0.17505208531675137,0.0,3
1.0,0.8977516325397492,1.0,0.9950163279454303,0.9761932233590497,0.001587034327082168,1.0,1.0,0.8505934962583556,1.0,1.0,0.0,0
0.0,1.0,0.08434802547645937,0.0,0.11518282435783825,0.0014755945776306206,0.16063726172213294,1.0,0.10180865664499145,0.057296728136218056,0.0,0.027745728914137263,2
1.0,1.0,0.8958188450271322,0.9026814274036227,1.0,0.0,0.8709142170103544,0.9459354835129039,1.0,1.0,0.9611048743607298,0.03421484213456691,0
0.0,0.0,0.0,0.049431087017892894,0.0,0.11884841840596533,0.12450180634196861,0.13207654813900094,0.0,0.0,0.1325423194638038,0.0,1
0.10176481091439771,0.9308830264443316,0.8864901165831517,0.10596303834011972,0.09314455165143978,0.06684505490571957,0.0,0.9981485523287585,0.8417112271479268,0.035664050154335186,0.0,0.07878275438962201,4
1.0,0.0,0.0,0.0,0.0,0.0,1.0,0.160777468098955,0.024041882185476815,0.13881739051878145,0.17561350755843358,0.1391366539388041,3
1.0,1.0,1.0,1.0,1.0,0.0,1.0,0.9585555822664171,1.0,1.0,1.0,0.0,0
1.0,0.0,0.006012188434517757,0.11090517577055678,0.10638848218856359,0.0,1.0,0.0,0.10974194089405237,0.0,0.03592735825551488,0.0,3
0.04188532041940454,1.0,0.0056439397999023255,0.0,0.0,0.08145814442631982,0.14905626300322072,0.9099154804603867,0.014083064096270026,0.0959090080023573,0.0,0.0,2
0.9063157912841582,1.0,1.0,0.9813183920319242,0.8952466494764697,0.0,1.0,1.0,0.9160570683829155,1.0,0.8601587824945155,0.0,0
0.07245936204170664,0.9870676883487284,1.0,0.0,0.0,0.0,0.0,1.0,0.9923398506877878,0.0,0.0,0.03194719271822752,4
0.004146498725015477,0.9849763808804205,0.0,0.07228127382933547,0.0010216911763657188,0.03154585643458438,0.0,0.8535755465122348,0.0,0.04640188542911114,0.03358374904913827,0.0,2
0.0,0.9831906580151981,1.0,0.0,0.011214267375608045,0.0,0.08266924442893014,1.0,1.0,0.17100336059114346,0.03536023928247675,0.0689063150456374,4
1.0,0.0477429229318114,0.0,0.06913678837538892,0.0,0.0,0.8287393522794335,0.15669559093409235,0.0,0.07112912821240858,0.0,0.1080362302651744,3
0.9447134783753006,0.0,0.0,0.0,0.06744187516168526,0.03485288587671975,0.9535002683693927,0.0,0.0,0.13032086668152937,0.005932989476666456,0.0,3
1.0,0.9341649128956083,1.0,0.988123471573301,0.9862530409646388,0.0864399997982832,0.8948036460964784,0.8959690703099414,1.0,0.8765405536171158,0.8825728773975164,0.0,0
1.0,0.993582517302286,1.0,0.9821209150492516,1.0,0.0,1.0,1.0,0.8866539432775583,0.897898470356298,0.9943114913965752,0.08085060039349856,0
0.9455967956488714,0.05903320791834027,0.015207361166310357,0.0,0.0,0.06764613890797519,0.9338372571746177,0.15588727827982113,0.04043696307399658,0.08471434404038503,0.13532996544769843,0.06342818703460137,3
1.0,0.0,0.03752982534167662,0.0,0.027266297343549628,0.05191567020964313,1.0,0.0,0.0,0.0,0.0,0.1392904524609837,3
0.06491789672143627,0.9116443862399741,1.0,0.04198802011842842,0.0,0.11019451857647697,0.12263762525815425,1.0,1.0,0.06657760594635972,0.1440393204219902,0.07138209171197402,4
1.0,0.0,0.0,0.0,0.0,0.0,0.8464391760654084,0.09733201503591354,0.06758129056678816,0.02853730981149863,0.07871057281922422,0.0,3
0.0,1.0,1.0,0.0701509429591119,0.0,0.0,0.060953313266194964,1.0,0.9422330330598325,0.03179563903739499,0.1672327450732552,0.10677688175473898,4
0.04483858938052884,0.8938056230422128,1.0,0.0,0.09995661774182343,0.0,0.0,0.8998763770640924,0.8709097883860862,0.0,0.0,0.03594786765953753,4
0.9900278216031323,1.0,0.965973455041837,0.8951993646544419,1.0,0.0,1.0,0.9947216454430619,0.9437462633989429,1.0,0.8374273340146203,0.0,0
0.020408859459599665,0.9717691359121075,0.03374206914033992,0.0,0.020992451378039928,0.11721140744678676,0.04311584225729306,0.8415722859615086,0.0,0.0,0.0,0.0,2
0.0,0.9241759216849814,0.0,0.0,0.047213219420065844,0.09099720405690784,0.0749716935803389,1.0,0.0,0.0,0.0,0.0,2
0.8974103474783578,0.9899885254284607,1.0,1.0,0.897582573063912,0.0,1.0,1.0,1.0,1.0,1.0,0.0,0
1.0,0.0,0.0,0.0,0.0,0.0,1.0,0.0,0.12348805840724592,0.03407345702786074,0.02210842367861457,0.0,3
0.0,0.970474468038254,1.0,0.0,0.0,0.0,0.14358382091536132,0.8861121614494388,0.858076431195261,0.013406008569282424,0.0,0.0,4
1.0,0.0,0.10258573228730153,0.05982407981512422,0.0,0.0,0.861913155061842,0.0,0.0,0.0,0.005054246143227387,0.12752771381840444,3
0.0,0.9698212724649041,0.023891799025905408,0.11447556967045594,0.0,0.0,0.10642029122133839,1.0,0.12654094981385028,0.16861835070155262,0.13890034359720815,0.0,2
0.060614055909691655,0.036975431717874985,0.0,0.0,0.0,0.073524767020404,0.0,0.1387486939110773,0.0,0.022700547696073853,0.0,0.0923366316565356,1
1.0,0.9552825554067979,1.0,1.0,0.9724469040027345,0.01838113043918388,1.0,1.0,0.9511197298412551,0.8451905720054717,1.0,0.0,0
0.10811735021958047,0.03313989243827484,0.049938025399080516,0.0,0.08554579783323846,0.0,0.0,0.0,0.15702554156822784,0.04996098282366804,0.15217034070409124,0.0,1
0.0,0.9979341270768903,0.9174330205853445,0.0,0.034753478488901424,0.10851604847364416,0.0,1.0,1.0,0.12305322547924569,0.0,0.07468252863240338,4
0.06239164665349023,0.9384714357423232,0.969711957012459,0.01609972955072092,0.0,0.0,0.0,0.9742503400105659,1.0,0.1167292094014532,0.0,0.016824714983021127,4
0.1033800787100772,1.0,1.0,0.0,0.0,0.0,0.1691405009438282,1.0,0.8243937351791176,0.06841057481627513,0.02843215616543812,0.0,4
0.0,0.031745406383900276,0.11011773284746598,0.0,0.008310311174408336,0.11062212528001567,0.0,0.0,0.07051762029854725,0.1427258512261248,0.04702214068161942,0.0,1
0.8812687576080761,0.005514029637109147,0.0,0.07071864318225013,0.06630295486779245,0.0,0.9439364326673432,0.0,0.03267724624392007,0.14786864495425978,0.0,0.0,3
0.9540497156930631,0.8855623115719242,1.0,1.0,1.0,0.0,1.0,1.0,0.9751339969651146,1.0,1.0,0.09498843509831623,0
0.9734267701971506,0.06162151592803278,0.0,0.002980740265599774,0.07483426344834457,0.0,0.9016304318638445,0.05652925801401315,0.14863779307213115,0.0,0.09750204596539697,0.0,3
1.0,1.0,0.9591150355398892,0.9093355084850943,0.9648635391121042,0.0396817248006997,1.0,0.8965859700419222,1.0,0.9007281528787237,0.858958617493816,0.1243344306964842,0
0.0,0.04728906599895716,0.0,0.0,0.0,0.05577657842945108,0.0,0.0,0.0,0.0,0.04968938247967347,0.0,1
0.0342757951585175,0.9192641547972445,1.0,0.07580829204923889,0.0,0.006968823214034053,0.027829697987369367,0.964109800200974,0.9366089682759757,0.0,0.0,0.0,4
0.9888936895190096,1.0,1.0,0.9432133721802618,1.0,0.0,1.0,1.0,1.0,1.0,0.8202058826060596,0.0,0
0.9967016985259591,0.0,0.08289174450588618,0.0,0.0,0.0,1.0,0.0,0.0,0.0,0.0,0.076473004221081,3
0.8807987724904756,0.0,0.06687956888140337,0.07066236512383439,0.10664733636984425,0.11163448186928715,0.8639551038536957,0.06047941611090121,0.0,0.0,0.10404000992425405,0.0,3
0.04115352785796347,1.0,1.0,0.0,0.0,0.0,0.0,1.0,1.0,0.05395523136726546,0.050815181878402255,0.0,4
0.0922895043029083,0.9012111392346125,1.0,0.0,0.0,0.0,0.0,1.0,1.0,0.0,0.025934941762376762,0.0,4
0.0,1.0,0.10223648081361919,0.0,0.11379810239173604,0.0,0.0,0.8322374180165597,0.0,0.0,0.06767427812975621,0.16363993094932522,2
0.1013012149785727,0.10726980284834986,0.0,0.0,0.0,0.0,0.0,0.08536242747721584,0.0,0.0,0.0,0.0,1
1.0,1.0,1.0,0.9802465503624354,0.9076416094393116,0.0,1.0,0.9075939309361841,1.0,1.0,0.9624760108693599,0.0,0
0.9222128036095676,1.0,1.0,0.8920524124337539,0.9398075871183932,0.08360072336439833,1.0,1.0,1.0,1.0,1.0,0.017233902219898206,0
0.0,0.9311358267108816,0.057126173313575584,0.016522066700973753,0.0,0.0,0.0,0.9480678630033195,0.041590889436955686,0.0,0.0,0.0,2
0.9986783025702273,0.07997951155021027,0.11598295072133866,0.0,0.0,0.0354948123899555,0.969229302706391,0.018441415424750224,0.024510852614090417,0.0,0.12524571915481758,0.029122420727178883,3
0.049818219322572604,1.0,0.0,0.0,0.05816150975376813,0.0,0.012750199307236393,0.9082915903737585,0.1008104229759802,0.10297735166637972,0.09734097073802872,0.057332770367187175,2
0.10890289793382943,0.9970796294810862,0.09188576003222057,0.0,0.05929902482928143,0.07581412789597872,0.0,0.8802096590414784,0.0,0.004088451647035141,0.03127292742975782,0.0,2
0.9368842902421747,0.07671767636972499,0.0,0.0,0.0,0.0026305119050648584,1.0,0.16497818844033518,0.0,0.0,0.09987595848400455,0.10486136851594186,3
0.0,0.04202671087844667,0.0,0.0006644454207250516,0.06357693612704435,0.0,0.1225369759359981,0.012900248446083312,0.0,0.0,0.17864196960976308,0.0,1
0.0,1.0,0.9564259917886707,0.0,0.0,0.060065094440537536,0.06506831179378889,1.0,0.9832865400030885,0.07204015658789886,0.0,0.15774997784739125,4
0.11434394600087144,0.9702354659818366,0.9256929276315935,0.0,0.09393613040663504,0.010845310622563636,0.1310842172981193,0.9258459423757843,0.8354804524057231,0.11428607518990219,0.0,0.0,4
0.0,0.9887332382632443,1.0,0.02262470221432647,0.03852398973815491,0.0,0.1534367208483009,1.0,1.0,0.0,0.0,0.09812090421290087,4
0.05509350139304983,0.9741989357228812,1.0,0.0,0.0,0.0,0.15328619214307176,1.0,1.0,0.1644087611260262,0.1533913681696054,0.0,4
0.9600933195234114,0.0,0.058851344553255996,0.0,0.0,0.0,1.0,0.09613749577637487,0.0,0.07356200749275621,0.0,0.07800217130880471,3
1.0,1.0,0.95252564188702,0.9779910053908991,0.913546483001733,0.10710276789166709,1.0,1.0,1.0,0.9708856312293002,1.0,0.0,0
1.0,0.04507223181676573,0.09813296325174925,0.0,0.0,0.02560916230579799,0.8599710846682095,0.0,0.0899374349909719,0.0,0.09908744680644305,0.0,3
0.01778099867423419,1.0,1.0,0.0,0.0,0.07375796407270616,0.11090522121870872,1.0,1.0,0.11890158682295293,0.05102975500879897,0.09341807198607804,4
0.11036560873504478,1.0,0.07175808047377943,0.0,0.07980107871722852,0.0,0.0,0.8594613556403691,0.0742759919979134,0.12410788478835377,0.0,0.0,2
0.9277738915725879,1.0,1.0,0.8908728045920979,0.9128887296562049,0.0,0.8785007365156982,1.0,1.0,0.9277243633101946,0.9410944427746042,0.11818417894465533,0
0.09759169385018021,1.0,0.0,0.0449639612965787,0.05268053273399598,0.025935167442630108,0.0,1.0,0.0,0.0,0.0,0.0333470344363522,2
1.0,0.0,0.0,0.05829881538755122,0.0,0.0,1.0,0.0,0.0,0.03059228674057246,0.13544723611707865,0.06891729229377364,3
0.10656228617577845,0.1153655469311459,0.017694619894423003,0.0,0.01565556358434636,0.097651389102266,0.0,0.0,0.12271568983295056,0.0,0.0,0.0,1
1.0,0.9981344137348973,0.9541727373162927,0.997704740830595,0.9016617704442167,0.0,1.0,1.0,1.0,0.9364919720697413,0.827888642647686,0.03117930303283542,0
0.0,1.0,0.9808855970654328,0.0,0.0,0.0,0.13817830952831378,1.0,1.0,0.033005850342147175,0.1662807983917715,0.030823369282384994,4
0.9344971565669722,0.0,0.0,0.0,0.0,0.0917720249975188,0.9263505111236336,0.0,0.0,0.0,0.05523552651674027,0.0,3
0.0,0.09669686847998257,0.08196910902617008,0.005542093684193727,0.0,0.0,0.024652155731744396,0.0,0.0,0.0,0.0012400442798191913,0.0,1
0.03680077117364394,0.08051257624239469,0.003999095412945283,0.0,0.09773818234723672,0.003929227720216866,0.0,0.0,0.0,0.0516517208597915,0.0,0.0,1
0.012845805063426946,0.013216738953662849,0.0,0.0,0.02319717298879928,0.008916491653070624,0.05253534128163148,0.004518970037131309,0.0,0.0,0.12050941207250232,0.0,1
0.03605297177901087,0.9139642231885137,0.005580297741336587,0.0,0.027359957013121883,0.0514739520035743,0.1268626229019686,0.8687221287125777,0.008776243458906652,0.11858688571001103,0.0,0.0,2
0.9631279155420578,0.0,0.0,0.05821707755143876,0.0,0.0474540874421836,1.0,0.0,0.0,0.17455269776771237,0.0,0.0,3
0.11769914440630416,1.0,0.006064604228400827,0.0,0.0,0.0,0.0,0.9511441594745984,0.0,0.0,0.07565657436956458,0.14089406986846903,2
0.9883731798316676,0.9348384578475002,0.961343588520442,0.9888397366977874,0.9798375160627588,0.0,1.0,0.8535628366133239,0.8547631957236828,1.0,1.0,0.020293464821526025,0
0.0,0.0,0.027474102904421094,0.0,0.0,0.0,0.0,0.0,0.09076814603002115,0.030970467665320633,0.0,0.0908603923141334,1
0.0,1.0,1.0,0.027379564565385955,0.09987963353011656,0.02898358198989434,0.0,0.9274733578417813,0.9389467289398531,0.0,0.14440556540455257,0.15240447420759168,4
0.9862066134519318,0.057399453320714944,0.0,0.02761270120864065,0.0,0.009903509196738908,0.9996515743637187,0.04162962034079612,0.12175882309070385,0.03835941697634046,0.0,0.0732442995000519,3
0.8996891223215556,0.9170130313277244,1.0,1.0,1.0,0.0,0.8874610420700358,0.9815837237277225,1.0,0.9668959030299296,0.829454285444787,0.0,0
1.0,1.0,0.9692832108329641,1.0,1.0,0.007070371568709516,0.9593154568141349,1.0,0.9142396035714985,0.9137043176103652,0.9806583204660219,0.17869144037571388,0
0.9023083157049814,1.0,0.9238886608728742,0.9761866034273807,1.0,0.0,1.0,0.8411127024394639,1.0,0.8773823430935794,0.9697699779871227,0.03267010907652185,0
0.11322365014780594,0.894464062832252,0.0,0.0,0.0764427466125373,0.0,0.0,0.9834479075365079,0.0,0.001624107346220094,0.1490850952775909,0.0,2
0.9794661757045549,0.9155679379104267,1.0,1.0,1.0,0.10198276002222564,0.957895650235739,0.994810525223079,1.0,0.8334876413791769,0.9191490911325113,0.0,0
0.029991330233876512,0.0,0.06322613158386198,0.0,0.0,0.04879959496776598,0.15737865321080002,0.011778960609555605,0.041192027233532574,0.09688289945170953,0.0,0.02380191938267215,1
0.08502917403018473,0.924238085932299,0.9804961532411111,0.048143621008140625,0.0,0.0,0.0,0.8872256988482858,0.8829668472318061,0.0,0.16678042914221558,0.10734908433775214,4
0.0936471063895826,0.9246778495348718,0.0,0.0,0.0,0.0,0.0,0.9623291773703054,0.0,0.0,0.0,0.11215578747550697,2
0.0,0.0,0.11233387450973856,0.014294493271931968,0.01931685837394992,0.0,0.0,0.0,0.0,0.0,0.1338046412945817,0.12052945361405781,1
0.0,1.0,0.07060737583869123,0.0,0.08194344978005338,0.03867130250507897,0.1595384526198762,1.0,0.0,0.0,0.11299278667090645,0.08408184661583229,2
1.0,0.8954149241713307,0.9778238487199808,1.0,0.9797858161847575,0.0,0.9569371704139762,0.8221225900902376,0.9466331689618569,1.0,1.0,0.16323492184923827,0
0.885793563333199,0.0,0.07164268186019546,0.0,0.029225441205283392,0.0,0.8330161318173648,0.100550835410329,0.08231919876946087,0.023886207209089294,0.0,0.16852660458683072,3
0.0,0.9189549482909118,1.0,0.0,0.0,0.0,0.13408140374089683,1.0,1.0,0.15221840425141409,0.15231242013849494,0.17351368410847967,4
1.0,0.9453046824510926,1.0,0.9965588091738391,0.986090604807467,0.0,1.0,0.8363502505375939,0.9622948225915464,1.0,0.8227673509239578,0.0,0
0.04746520496860593,1.0,0.0,0.09610209061652514,0.04932040205698629,0.029249227320327198,0.0,0.9540603946221461,0.11389669540269987,0.0,0.17204749230025623,0.0714030980952074,2
0.0,0.9097518938273441,0.016496027985082234,0.0,0.0861607812999935,0.0,0.0,1.0,0.0021392747911305465,0.0,0.13519312439001596,0.06572001111032966,2
0.9892827080479603,0.957226564054969,0.9252765696897053,1.0,1.0,0.0,1.0,1.0,1.0,0.9983183138619125,0.8333270600844074,0.0008248140478677168,0
0.0,0.0,0.07370488939377653,0.040155940395211503,0.0,0.0427386776272059,0.055379349640478776,0.0,0.15048686729828975,0.0,0.0724668520209425,0.0,1
1.0,0.0,0.0,0.11281445108697896,0.07394363826045422,0.035512742671765685,1.0,0.11763265559073072,0.0,0.025919012066030978,0.0,0.14143670165178368,3
1.0,0.9518509005279947,1.0,1.0,0.9122298674544083,0.0,1.0,0.9150342045869474,0.9958714667737756,1.0,1.0,0.0,0
0.0035241453483469964,0.8918502653450203,1.0,0.10178952851073345,0.0,0.0,0.0,0.9762293876453106,0.8612611590051015,0.14761467047578225,0.0028523464713917646,0.04729647140854548,4
1.0,0.9902996230416561,0.9098169230152956,1.0,0.9859086277303424,0.0,1.0,0.9186470049143016,1.0,0.9101401402776792,0.9538637563528356,0.14536809678083684,0
0.9495378517566451,0.0,0.014853013443611368,0.09619609394173859,0.0,0.0,1.0,0.14531458027497174,0.17140490174896833,0.05899287238973866,0.0,0.0,3
0.0,1.0,1.0,0.0,0.0,0.06090039657829213,0.1628222541369415,1.0,1.0,0.04850655673598503,0.09157727464045695,0.0,4
0.9010552613268946,0.10139925146421216,0.026407555908275815,0.11830793414870641,0.06045776380255857,0.06410766843072141,0.8462892832264496,0.053222350828949744,0.0,0.00997702837884909,0.069331020014026,0.11527506963507328,3
0.04913541964579449,0.013711709479337753,0.0,0.0,0.0,0.0,0.12793164010395258,0.0,0.0,0.1227809790438198,0.0,0.06448719898074046,1
0.04904488707304508,0.0,0.0,0.0,0.02718309204383451,0.0,0.0,0.0,0.034603690511430196,0.03339224060333851,0.12102278536889671,0.07177157998458333,1
1.0,1.0,0.9479196887859892,0.9041262659417898,0.9265882187418576,0.0,1.0,0.8654606174650272,1.0,0.9967163300285604,1.0,0.026663119065479607,0
0.0,0.05518166004234931,0.0,0.04770125568198069,0.0,0.019921186398339785,0.0,0.05571283385353934,0.0,0.0,0.0,0.12674986011261313,1
0.05887896934999223,0.9537739724678457,0.9417754878739677,0.0,0.09520508463147731,0.02687681100603151,0.12878094504067544,0.9192836607113104,0.9823205445902943,0.0,0.1371303103645899,0.1357464330462398,4
1.0,0.0,0.0,0.0,0.0,0.0,1.0,0.0,0.004818451675415697,0.17545021732250177,0.023816667342959147,0.0,3
0.0,1.0,0.0,0.04324163410358772,0.0,0.0,0.0,0.8900589302219011,0.0,0.02585506208808902,0.0,0.08547990442235825,2
0.9207796580626,0.10387213526068256,0.0,0.0,0.0,0.0,1.0,0.022909952971411573,0.0,0.05359054637431668,0.1478921247386497,0.15739593718750083,3
0.07005957320787165,0.9551379600390226,0.0,0.06483145584213096,0.04750590458694909,0.0,0.0,1.0,0.12034759735821543,0.0,0.0,0.06687461011816132,2
1.0,0.061145003126652275,0.11023400038816306,0.0,0.0,0.019643240530242162,1.0,0.0,0.0,0.03526897765167822,0.13569589822551953,0.0,3
0.020678502871058407,1.0,0.00444889052501167,0.0,0.0,0.07913989560640716,0.0,1.0,0.08195474857829854,0.0,0.04902488951489484,0.0996088013582842,2
1.0,0.9076204640077086,1.0,1.0,1.0,0.0,0.9034679970681078,0.965817077060891,0.8864026390545017,1.0,0.9755684028745417,0.0,0
0.950751253663096,0.0,0.0,0.06982079276276765,0.0,0.014393342862755565,0.9371738933043606,0.0,0.07965503255619477,0.0,0.1696079419613996,0.0,3
0.9279219521826272,0.8861765662556046,0.9209997260061336,0.9500347518510658,0.8996646627311182,0.08250457784326479,0.886557239395137,1.0,0.9529845993755002,0.9804790974860049,0.9147865480058384,0.0,0
0.07458323112680448,1.0,1.0,0.05400714597072406,0.0,0.0,0.0,0.9087361663581385,1.0,0.0,0.009720024822941792,0.0,4
0.9323932913743946,0.11811141749137538,0.016978803794411967,0.0,0.0,0.06660592314788585,0.9349852591557791,0.0,0.0,0.13851283198046532,0.16568618407788965,0.09423112741884948,3
0.09910893813564234,0.9381993780328107,0.07867723385915848,0.0,0.0,0.110892476491536,0.058589035342473894,0.8465573064361331,0.12147739003459535,0.13337171179758273,0.0,0.0,2
0.0,1.0,0.0,0.07544890918595795,0.0,0.0,0.04479172408066956,1.0,0.0,0.0,0.0,0.0,2
0.0,1.0,0.0,0.0,0.0,0.0,0.0,1.0,0.12113401852177441,0.0,0.14838010639512977,0.0,2
0.035791428455898,0.0,0.0672741835438169,0.0,0.04156628163536402,0.0,0.0,0.11077817182454464,0.0,0.04725842699730132,0.025789526594565626,0.12560427789797113,1
0.9614831874756313,0.9599364693983516,0.9203518499309647,1.0,0.9073663935612526,0.002388494957513268,0.87271991857997,0.891017849016634,1.0,1.0,1.0,0.0,0
0.8846744181725997,1.0,1.0,1.0,0.9538033900966387,0.0,1.0,0.8662209272199146,0.9911016561155432,1.0,0.9154203864184213,0.13407589479069265,0
0.0,0.052152650028982894,0.0,0.0,0.07468143104951039,0.05286135812998777,0.0,0.026455144086816568,0.0,0.04663455295973579,0.0,0.026016947722967226,1
0.91046334579547,1.0,0.944503476738219,1.0,1.0,0.0,0.9838711999645939,0.9496446023878312,0.999859602074098,1.0,0.9523676000284522,0.0,0
1.0,1.0,0.9123126434633518,0.9997188741046267,1.0,0.0,1.0,1.0,0.866217441538568,0.9594660085194398,1.0,0.13777051088112408,0
0.9850416172332033,0.9786060667591681,1.0,0.937007248347262,0.9866076903532661,0.0,1.0,0.9524227449610119,1.0,1.0,0.9862047922387561,0.0,0
0.11884978799359003,0.0,0.04252527628427119,0.0,0.0,0.0,0.0,0.0,0.0,0.0,0.06948848085939657,0.06726688173710077,1
0.0,1.0,0.0,0.0,0.0,0.07275687132702308,0.0,1.0,0.0636059374928381,0.00809283700629329,0.041436175407739195,0.0,2
0.0,0.012928062362525972,0.0,0.07829959327338856,0.08030044839121386,0.0,0.12032750568659528,0.0,0.05537266999281079,0.1413671492305998,0.0,0.0,1
0.08918779076351302,0.0,0.008250240715590523,0.0,0.0,0.0,0.04265977481549746,0.1706118811818073,0.0,0.06256913145431114,0.06850560756800189,0.0,1
0.05958803990960235,1.0,0.0,0.0,0.11853727492796498,0.0,0.13203810304636415,1.0,0.0,0.0,0.12719239412650568,0.1698550565189349,2
1.0,0.04327548672270404,0.0,0.0,0.03241237726077226,0.0,0.9774822948695423,0.0,0.0,0.0,0.10130151152623595,0.12012841449270567,3
0.07690031405364167,1.0,0.05787673365320303,0.0,0.0,0.0,0.0,1.0,0.0,0.0,0.0,0.0,2
0.04144953699148182,0.9791591278716159,0.09486436253158437,0.04879192201312191,0.06299165795944525,0.00915154888835329,0.062008528742414804,0.9470781036461446,0.11260124903541441,0.11788806063288382,0.0,0.0,2
1.0,1.0,1.0,0.941672820295183,1.0,0.0,1.0,1.0,1.0,1.0,1.0,0.10965155184740227,0
0.06588631093013944,1.0,0.09652003856366356,0.022978449733891793,0.0,0.04458819780226153,0.0,0.9079724097842746,0.08676447458930453,0.17038461174860137,0.0,0.08797144287927916,2
0.9562660232227528,0.008550491689160555,0.0,0.08617358101123446,0.0,0.0,0.9402597453792138,0.0,0.0,0.14662111874965061,0.0,0.055117526877790396,3
0.07265404610741305,0.999676232421622,0.11766233195259948,0.0,0.0,0.0,0.17566371561343164,1.0,0.0,0.12299143096854742,0.0,0.14249862903392402,2
1.0,1.0,0.9789741333797423,1.0,0.9355440140985869,0.04972069528883036,0.993953495303857,0.9956275782411057,0.8223804485171772,1.0,0.8242663485260413,0.010590352862994229,0
0.04945420890595478,0.0,0.0,0.05177356551125134,0.0,0.0,0.0024066175525290223,0.0,0.0,0.16951347303395842,0.04209828349601924,0.0,1
1.0,0.0,0.0857983376384962,0.0,0.10697562809583255,0.08076831233258056,0.9602870359669555,0.0,0.16247129192295973,0.0,0.053049461864227265,0.0,3
0.968214652147684,1.0,1.0,1.0,1.0,0.11389118451016997,0.9162811810554798,0.8849497859059076,1.0,0.9312344879787676,0.942336876439813,0.0,0
0.9459377769274797,1.0,0.8841142234245826,1.0,1.0,0.07348024774738293,1.0,0.9162369052035889,0.9628827120993058,0.9542985700469255,0.9661698675545989,0.023400785681268854,0
0.9139195575777872,0.0,0.03653698584852183,0.0,0.07989309481811435,0.06589863873143956,1.0,0.0,0.0,0.0698290592009066,0.0,0.060117673442085684,3
1.0,0.062030287905526615,0.0,0.0,0.1194252736540305,0.024795856403829614,0.9718026824324943,0.04970156668028555,0.13146020767972177,0.0,0.08065885233640185,0.0,3
0.08491297679121579,0.0,0.0,0.0,0.0,0.11460567077203279,0.0,0.11004220263719733,0.1693298423527218,0.0,0.14271437756053923,0.0,1
0.0,0.896091523158509,0.11447427214193776,0.0,0.0,0.046570841241802885,0.021296192094710037,0.9013706237389496,0.04637583110546031,0.15403661958389459,0.0,0.11547159499037157,2
0.9556644955250102,0.05292029924695915,0.0120305085637544,0.03093368131087948,0.03511879621246616,0.0,1.0,0.0,0.0782172830173305,0.0,0.0,0.0,3
0.02675568812172771,0.957912433717122,0.0,0.07582131745292217,0.07774362866070833,0.0,0.10098474718610967,0.858319383711642,0.08847712403328373,0.0,0.05537689874056173,0.13320928383948405,2
0.0,0.9976785994313693,1.0,0.0,0.01909885338169806,0.013994940422423385,0.10556410618983669,0.9629674072750889,1.0,0.13067213788289295,0.01727261116980436,0.0,4
0.017540243649492027,1.0,0.9789100039206989,0.0,0.0,0.10957197273770103,0.0,0.990688572472233,1.0,0.11193724448853082,0.0,0.14461075125176043,4
0.1177275090018938,1.0,0.0,0.11016832905068022,0.023968114836849463,0.11553981476582392,0.13822813158888397,0.9344681110388617,0.1265595164887116,0.0,0.0,0.039071995976248164,2
0.0,0.8944341586918922,1.0,0.0,0.0,0.0,0.0,0.9391215601613102,1.0,0.11138102739534739,0.0,0.0,4
0.8856794643283483,0.92635114919865,0.9587828682874495,1.0,1.0,0.0,1.0,0.8842844138220869,1.0,0.9155678905082687,0.859024916997296,0.0,0
0.09924587919832087,1.0,0.9383141726504763,0.0,0.0966846998631625,0.0,0.16476759814545083,1.0,0.9843538764139256,0.09152535315993898,0.17856809886191943,0.02033407810616178,4
1.0,1.0,1.0,0.9221187793212315,1.0,0.09529026282815403,0.9364966012306298,0.9092969501201722,0.9138826997435598,0.9047876510085522,1.0,0.16345253615576855,0
1.0,0.9542996529798307,0.9704030334535121,1.0,1.0,0.04082793599873341,0.9502581146848424,0.950535160833536,0.8848946522356641,0.8971093580352041,1.0,0.0,0
1.0,0.9116758913758485,1.0,1.0,0.9676989910835437,0.04390609176058227,0.8343376702973884,0.841768789451754,1.0,1.0,1.0,0.0003776275825470299,0
0.0,0.0,0.09785426221751056,0.0,0.0,0.0,0.12055401583826164,0.0,0.015966022351813713,0.0,0.05532311272819834,0.0,1
0.0,0.931946114514763,0.978624558446642,0.0,0.07889967573674436,0.0,0.049043598764109325,1.0,1.0,0.0,0.1750783250770172,0.16213356351411046,4
0.0,0.030528117049845344,0.09409399842958036,0.008872210793367502,0.0,0.06815736797004929,0.012918771257539319,0.0,0.06677758812471435,0.10783272005488809,0.13969060902656466,0.0,1
0.0,0.956292082042013,0.8875757918471847,0.0,0.0,0.0,0.08910784917712278,1.0,0.8656398213808988,0.0,0.01376645271751617,0.09108293799149703,4
0.8969987932961229,0.9719367821621855,1.0,0.9045825209078816,0.9552043545858175,0.09143735879526493,1.0,0.8230509071030835,1.0,0.9784357914807467,1.0,0.04610881380272491,0
0.0652404018735121,0.08980776912534513,0.0,0.06956609106937373,0.0,0.0,0.0,0.0,0.16059437767044038,0.015276638322193697,0.10601235117444924,0.10356906389057235,1
0.043890314619310034,0.0,0.10025091385476592,0.03298179630129591,0.10948407741350999,0.0,0.0,0.09833436551023123,0.08967272823338884,0.08435284407347698,0.0319407447977291,0.0,1
0.020155829160935723,0.8887850771079056,0.0,0.0,0.08716038328597173,0.0,0.0,0.8502501337693429,0.0,0.0,0.030226400902952616,0.0,2
0.0,0.9237710619035512,0.9688139876437838,0.0757392852525968,0.10643001853720657,0.10859925045167415,0.17007987918614775,1.0,0.9719494481140533,0.0,0.0,0.05302974091079424,4
0.0,1.0,1.0,0.0,0.06942643801210349,0.0,0.0,1.0,0.9482210177774929,0.0,0.09514995385160357,0.014764990807197287,4
0.0,0.9180622876060772,0.9382518933047881,0.0,0.05207786881418891,0.0,0.13443990926951455,1.0,0.9249851153817998,0.17359502067705712,0.0,0.0,4
1.0,0.08154502742103964,0.0,0.0,0.0,0.0,0.9606794420029089,0.03831714437227007,0.13209675342514793,0.08949906234966848,0.0,0.04136247919335695,3
0.0,1.0,0.023538045266660507,0.1070103593654505,0.05742135264396411,0.0,0.0,0.8285295996251971,0.1248965443956429,0.0,0.0,0.014152230765421908,2
0.0,0.9939358747368399,1.0,0.037213151233617014,0.0,0.08323077154267705,0.0,1.0,1.0,0.0,0.07890717891093135,0.0010948745810066274,4
0.0,0.9929601504641721,0.03924052765647135,0.0,0.002067313292233655,0.060313929109135994,0.07002348254611296,1.0,0.0,0.0,0.0,0.1516266805278123,2
0.0970224942368722,0.9650482650890105,0.0,0.013665787413301878,0.05087604277144411,0.0,0.0859494323392252,0.9477847476450418,0.0,0.0,0.0,0.12052968201673364,2
0.04508236463925691,0.0,0.0,0.0,0.11863990897648094,0.0,0.06992823552028152,0.0,0.004509312986318875,0.027094927179189238,0.12430082450384933,0.0,1
0.06366581784491099,0.0,0.0,0.038573559577737726,0.0,0.008032263314483867,0.06382405638182251,0.14910080989846242,0.10620616400368532,0.08255684758170412,0.0,0.16180743727098457,1
0.9385005766646691,0.07174898394733287,0.0,0.0,0.06257257092382595,0.0,1.0,0.0,0.0,0.0,0.0,0.0,3
0.0,0.06348919057838748,0.09838905682542837,0.07381798570261813,0.04431366969084463,0.0,0.04928137543740482,0.04238258900490552,0.0,0.044191360899199256,0.0,0.0,1
0.9424070195258087,0.051834378607287596,0.0,0.06638316680248424,0.035301441530958655,0.00820099481600084,1.0,0.0,0.0779848648150292,0.004161491889778879,0.05386672972453005,0.0,3
1.0,0.0,0.0655180802612611,0.0,0.0,0.0,0.9335210497248737,0.0,0.0,0.0,0.0,0.0,3
1.0,1.0,1.0,1.0,1.0,0.0,0.9154731009419748,1.0,0.9838030122420915,0.9722826949564587,1.0,0.17835216821737698,0
0.04670344273257929,0.9623980108435289,1.0,0.04474499410996177,0.0,0.08650804816143978,0.006816596199764047,1.0,1.0,0.021126565015133353,0.0,0.0,4
0.9281610768287094,1.0,0.95293823374434,1.0,0.9913424057393199,0.022005824396355872,0.8222960377906494,0.9676129994437672,0.9038791870695074,0.9447125311861863,1.0,0.13579150113056698,0
0.0,0.9266568266713642,0.020564734183625144,0.06372785632594091,0.0,0.0,0.0,0.8277371301009347,0.12343731145742454,0.14783362207135914,0.0,0.06388285643911115,2
1.0,0.9555226913916347,1.0,0.9749516562545595,1.0,0.0,0.963784181850543,0.898955473296622,1.0,1.0,0.8527273883825658,0.0,0
0.0,0.9018459395314301,1.0,0.07118443196031621,0.0,0.0,0.07648163099244548,1.0,0.8390194114034146,0.0,0.1352876702207934,0.10761944208676921,4
0.06336012301728333,0.9660416056893207,1.0,0.03145433757658592,0.01855493466687405,0.07944888330581504,0.14303604458116198,0.9526757584246155,0.8701120756467302,0.0,0.0,0.0,4
0.0,0.058293126150264246,0.0,0.08260485216056093,0.0,0.0,0.0,0.10948561629628573,0.0,0.014381128495984274,0.0,0.0,1
0.0,0.11969359816460412,0.0,0.0,0.0,0.03805158318850754,0.17202719852879905,0.0,0.1710746979092888,0.0,0.03418589877970976,0.17663807470756804,1
1.0,0.986346547199543,1.0,0.9446607954421032,0.9800254546492919,0.034933154742634615,1.0,1.0,0.8772300793500402,0.9320043135840071,1.0,0.0,0
0.02348826036016155,0.0814770531892737,0.0,0.0,0.031729665779031746,0.020438199950487956,0.0,0.0,0.020332469340977433,0.0,0.0,0.039760311407858795,1
0.0,1.0,0.9830169414063656,0.0,0.0,0.036529688478512845,0.0,1.0,0.9810817851332407,0.09711033369165722,0.04131958213095363,0.08513243364654477,4
0.0,0.9062104491352334,0.0,0.053111286042581834,0.04271268597975694,0.08604338227073755,0.0,1.0,0.15287801001788442,0.0,0.0,0.10785201255780114,2
0.0,0.9076691525029265,0.9020069234907006,0.06479121455353123,0.0,0.0,0.0,0.8635784978493576,0.8449311095976101,0.12317936545958241,0.09885446642099288,0.0,4
0.0,1.0,0.1183385400982854,0.0555920982397477,0.0,0.0,0.04702461916795242,1.0,0.09973640551173579,0.07445152854664272,0.0,0.15290279309308874,2
0.0,1.0,1.0,0.0,0.04895465020668249,0.0,0.012592080202785377,1.0,1.0,0.0,0.017096003237904583,0.0,4
0.9162066584069533,0.8948496880242642,0.904840450544894,1.0,0.9624250662011842,0.05143573180019104,0.8771486348733549,0.9542267135564777,0.9218416883011904,0.9671569830090353,0.9418121728629111,0.035238910457876194,0
0.026500418504476986,1.0,1.0,0.0,0.07590758739162193,0.0,0.10582023321548106,0.8391664401851117,1.0,0.0,0.0,0.0,4
1.0,0.0,0.0,0.0,0.0,0.016361583774278654,0.8868372001819347,0.03281347085226308,0.16767561441092677,0.09602012471080495,0.10394520434556848,0.0,3
0.0,0.9326574115513926,0.0,0.0,0.0,0.02974080421889752,0.0,1.0,0.0,0.0,0.0,0.0,2
0.8965335980246701,0.0,0.0,0.0,0.0,0.11829523253744043,0.849906170127513,0.0370125209844524,0.10775436087034612,0.0,0.14077717134741086,0.0,3
0.035977940733776026,0.9889031164998621,0.0,0.0,0.0,0.0,0.13059821171858715,0.9584787699568801,0.0,0.0,0.0,0.0,2
0.0,0.0,0.003323244665897729,0.0,0.0,0.013583668942879906,0.0,0.0,0.0,0.1556574716056287,0.041619123395758795,0.05828047594737806,1
1.0,0.9447945158889254,1.0,0.9129192455151541,1.0,0.0,0.9146778096209435,1.0,0.8926023483935882,1.0,0.9263264323602207,0.0,0
0.0,0.9238653428480385,1.0,0.022575988830353555,0.009802116638870234,0.0,0.03603182790143791,1.0,0.8559027542350822,0.0,0.0,0.10040730493294997,4
0.9500333437423609,0.0,0.0,0.0,0.03792293200704053,0.0,1.0,0.0,0.06651461827343166,0.0,0.012338555800067263,0.04269104107747737,3
0.8802023702715789,0.0,0.09190913767588454,0.0,0.0,0.0,0.9918438721996451,0.0,0.0,0.06724311785293388,0.07156070945037213,0.14861989654623076,3
0.9208984302980959,0.0,0.0,0.084626513423494,0.0,0.0,0.8251237344797562,0.16090137111627262,0.0,0.0,0.0,0.0,3
0.0,1.0,0.05079550407948513,0.0,0.027126602810793404,0.07439634355874758,0.0,1.0,0.0,0.16044745009928346,0.0,0.13339425308149755,2
0.0,0.11962405729278755,0.0,0.0,0.0,0.11795111774835046,0.022732093009542265,0.0,0.09565495906834254,0.15341289213335668,0.0,0.1661946392272804,1
0.9076597954561068,0.09874185002207467,0.0,0.0,0.0347420591417347,0.01384429876367782,0.8749470685690013,0.13337392992945252,0.00021019484851689252,0.0,0.09214670768647648,0.06129468100138871,3
0.006290739416688701,1.0,1.0,0.010650699821109166,0.02554955895350622,0.0,0.0,1.0,1.0,0.08040989330159587,0.16423581294858086,0.15052694253634863,4
0.020725968841574793,1.0,0.0,0.0,0.0,0.09244892947546135,0.0,1.0,0.005868287065777106,0.08233943029601881,0.05450216940330971,0.15488179323605472,2
0.09596861324647007,0.9140400772611672,0.0,0.0,0.0,0.0,0.029937188926058483,0.9957906427559158,0.0,0.0,0.1148135179747693,0.02421602282536514,2
0.0643118026468808,1.0,0.0,0.0,0.10469948385892663,0.0,0.040839375146367846,0.9291442716943414,0.07841143071363244,0.0,0.0,0.0,2
0.9086561692862026,0.07749059537458353,0.09216637409113543,0.10805017784804652,0.013139996850110802,0.0,0.8864121981717563,0.09451490796880452,0.11030728090006209,0.0,0.04151549766603621,0.0,3
0.9704888250157278,0.023641794423799573,0.00604910404039663,0.0,0.0,0.09532528678661525,1.0,0.0,0.03717759438896956,0.04926788538887936,0.0,0.0,3
0.07840474047169463,1.0,0.11163485979526908,0.0,0.0,0.0,0.10062523926200745,0.864029297854512,0.0,0.0,0.0,0.0,2
1.0,0.0,0.11477967904784406,0.029800717253705034,0.056313903761480905,0.0,0.940828568429096,0.1091325711051398,0.1273055979439251,0.10228332752604125,0.0,0.0,3
1.0,0.0,0.05820565652820592,0.0,0.0,0.0,0.9768244331041939,0.11342190053746382,0.0,0.0,0.0,0.15753384778899576,3
1.0,0.09346297948570967,0.0421705672900711,0.0,0.1107327397436702,0.0,1.0,0.1403067265107636,0.0,0.1505875258855235,0.1737770729141132,0.0,3
0.0,0.9398025324780226,0.904866722167739,0.0,0.09461189346357968,0.01704166790046044,0.14372560103673665,1.0,0.8893779011319842,0.04690701228016564,0.10237284353828036,0.0,4
0.018161951203948173,0.880022298861335,1.0,0.10431715850275694,0.06079857311073983,0.013508846812139153,0.11603304905074457,0.9043190403691753,0.836273500499714,0.0,0.11781988587428283,0.0,4
0.06511017421824822,1.0,0.9297139687918106,0.0,0.0,0.050245590175900134,0.0,1.0,1.0,0.0,0.0,0.010927027088842606,4
0.10697180588294586,0.07685489626277289,0.03366991548723289,0.0,0.0,0.037652213449642286,0.0,0.0,0.0,0.0,0.0,0.17885417177779428,1
0.11420478466288156,0.018232082508596398,0.0,0.08074250214938947,0.07034440078717202,0.06341469176814535,0.019226782764510814,0.0,0.1532431910150862,0.0,0.0,0.1250520156889413,1
0.0,0.9224862769175508,0.9138191859778616,0.10632603134666907,0.0,0.021032370462026828,0.0,0.8674805259547002,1.0,0.0,0.0,0.0,4
0.0,0.9483498296122418,0.0,0.0,0.0,0.09248379916427271,0.0,0.8944635203389737,0.1219643984968315,0.09175130591382735,0.0,0.14491486887863436,2
0.0,1.0,0.0,0.10731476659349815,0.0,0.0,0.0,1.0,0.09109253771816866,0.13960742850642893,0.16770105482914854,0.0,2
1.0,0.0,0.0,0.11324466608410633,0.04535807064278327,0.0,0.9542063183619339,0.0,0.17166359976359957,0.049613213930215894,0.13753327963057288,0.0,3
1.0,0.05186633070575952,0.0,0.05862448753327332,0.0,0.02115326959738631,1.0,0.0,0.08718935289939889,0.0,0.0,0.09482849252277226,3
0.024909758949099275,0.9090482601877854,0.0,0.0,0.0,0.07985434861028998,0.12301948923753336,1.0,0.11580712512577784,0.06527536092763203,0.1293529996047717,0.04217706653737091,2
0.9293761180605851,0.0695868062378959,0.07929342330224287,0.0,0.03539456035419253,0.0,1.0,0.0,0.167944933291989,0.11272123007659635,0.17419232384494804,0.0,3
0.06370440301660438,0.09123165602605823,0.0,0.0,0.0,0.10410444585388631,0.09448109414386757,0.04031337516084865,0.0,0.02413551345803086,0.0,0.0,1
0.0,0.0,0.03678645077172488,0.0,0.08491902893620504,0.04007917030708677,0.061952578294105776,0.03999231217751545,0.06894490250904001,0.03418883506969905,0.10343072863209091,0.0,1
0.10535147424849237,0.0,0.04740346569340825,0.0,0.0,0.0,0.12328816844129337,0.056504929130138604,0.0,0.0,0.07609866694013506,0.16552921257965253,1
1.0,1.0,0.9210732755675433,1.0,0.9192165985028629,0.0,0.9024573059070776,0.8315560878054535,0.9335630973012695,0.916386715351253,0.8959538236910776,0.15944749716061957,0
0.0,0.9618681306510353,0.015391521187444274,0.09535239015554242,0.019158769562651917,0.08257570253856819,0.0844652694289259,1.0,0.0,0.0068885894132572345,0.02704961625225949,0.04157189900556399,2
0.02983608131521595,0.0,0.0,0.0013430662337462485,0.0843468614526322,0.0,0.03303724516949208,0.0,0.0,0.11082264887648652,0.0,0.07227895412616814,1
0.9837753210474198,0.0,0.01793708198156438,0.0,0.07877343426337388,0.0,0.9847911953575952,0.05954467320531126,0.09717401814273674,0.026797829368176707,0.0,0.13691222650830154,3
0.03996876680974712,0.9098376207004715,0.9405559898090674,0.0,0.037224766485740274,0.02053550404778473,0.04718684711096957,0.9170402530334948,0.8210896804438301,0.0,0.17909460078762773,0.0,4
0.078884953050086,0.9988061260428938,0.048993714391879495,0.0,0.11547427083887488,0.0,0.13155548244248289,0.884447283658686,0.0,0.0,0.17438023517582102,0.05733011192422724,2
0.0,1.0,0.9350649416405393,0.08346491079840371,0.09146317775055829,0.0,0.0,0.9907014291126752,0.9231780644141725,0.14580107349236243,0.12332166040684633,0.0,4
0.03131686098902983,1.0,1.0,0.05507658362898507,0.08791170072681537,0.0,0.10341967166610577,1.0,1.0,0.15088202045878074,0.0455724353756862,0.16098657470501604,4
0.9516261228004745,0.025054980941114163,0.0,0.0,0.0,0.0,1.0,0.08972111232835228,0.05366567496771951,0.0,0.0,0.0,3
0.11590813500183342,0.07329301490621218,0.11736001893566933,0.0157433343791612,0.09464133549488676,0.030658644435740484,0.06207616873375871,0.07716635239094238,0.00707999308038082,0.0,0.0,0.029652856508790626,1
0.09354415803923194,0.0,0.0722447877626122,0.0,0.013924773472805213,0.10517852584796655,0.0,0.0,0.1600572535226048,0.16581122835736495,0.0,0.08106189581130802,1
0.0050733888137481364,0.11570780433734737,0.0,0.04354615681388477,0.0,0.0,0.0,0.13950704737567526,0.1309167596698561,0.0,0.0,0.0478472277246281,1
0.9142620899236629,0.023280354325401598,0.0,0.10406774193695656,0.06402964349003004,0.0,1.0,0.0,0.0,0.05188866123791139,0.0,0.0,3
0.004818655911390121,0.962385866345474,0.026968183141281465,0.0,0.0,0.11235672854040663,0.0,1.0,0.04456624806620704,0.059155315596896824,0.0,0.0,2
0.07855746778677464,0.9045611106662732,0.926412494649467,0.004661877627227667,0.11368281379914472,0.0,0.0,1.0,1.0,0.014169563706894067,0.13559150249805124,0.12530738581350526,4
0.0,0.008392980734343913,0.0,0.0,0.0,0.051647026130706014,0.10780644669698525,0.17926684061961584,0.0,0.10491289713550628,0.0,0.12367666773650826,1
0.03536161222173162,0.9357014955390957,1.0,0.0,0.09056921629753847,0.09194017587518713,0.0,0.8934728573861005,1.0,0.019996578289090405,0.0,0.0,4
0.07194841556798232,0.8837421759137956,0.0,0.0,0.022337188345377013,0.0,0.0,1.0,0.05951735962233501,0.09679873616896334,0.0,0.0,2
0.0,0.03186990458604766,0.05647780392670243,0.0,0.0,0.05273736833879389,0.12033010521710003,0.0,0.17850010608070033,0.0,0.0,0.10360027148995038,1
0.0,1.0,0.955480498936011,0.018906041448851052,0.0,0.0,0.08240378018571765,1.0,1.0,0.0,0.0,0.0,4
1.0,1.0,0.9519497355369793,1.0,0.9684058743677847,0.04171353419352397,0.9908524770706217,1.0,1.0,1.0,1.0,0.0797040404266704,0
0.06532085023288367,1.0,0.9577501281771013,0.0,0.038397921452052175,0.0,0.11814189716603041,0.9904695713256773,0.9515350054130097,0.0,0.08297912552703607,0.10467149683394883,4
0.9236288092170012,0.0,0.0,0.08930330279442264,0.09902751115799754,0.023932393266263535,1.0,0.0,0.0,0.013532344995171364,0.16489129309142447,0.15865344407634363,3
1.0,0.0,0.056020780314021607,0.0565187714423627,0.0,0.0717236396744178,0.8718614562347324,0.0,0.05458858781930637,0.09445450657391818,0.0,0.0,3
0.0,1.0,0.0,0.0,0.0,0.0,0.15850259469504568,1.0,0.0,0.0,0.0507775398754175,0.03179124195608768,2
0.9612025462023416,0.0,0.0,0.07622052042025593,0.0,0.0,1.0,0.0,0.007143768912130949,0.05886453595555935,0.0,0.009841495772293263,3
1.0,0.09329859389042586,0.03504983044601295,0.06130324000479778,0.0,0.023754924275741246,1.0,0.0,0.05090404372201468,0.0,0.0,0.0,3
0.0,0.8984956711753804,0.01660395711255308,0.07529070213406358,0.0,0.0,0.10130288684476146,1.0,0.0,0.0,0.13721657120647685,0.0,2
0.026985961275335035,0.06663879303530512,0.0,0.0,0.0,0.0,0.06924899910152904,0.0,0.050337253343626154,0.008311271087459382,0.0,0.15771225976077924,1
0.0,0.979740257845244,0.9928231866645476,0.0,0.022436391412970852,0.0,0.0,1.0,1.0,0.0,0.0,0.05766581244966845,4
0.0,0.9822180140675445,0.983076379769135,0.0,0.0,0.0,0.11613076099419428,1.0,0.9782114450030694,0.0,0.0,0.0,4
0.030083614334135728,0.9137466918026131,0.9609173498031685,0.0,0.03958163617844451,0.11567612195247573,0.0,1.0,1.0,0.12227258238756072,0.0,0.08716033924336708,4
0.0,0.0,0.091417465676322,0.0,0.0,0.07870768521927893,0.0,0.0,0.0,0.0,0.0,0.13597691297924552,1
0.0,0.0010068652355017665,0.049861461773006016,0.0,0.02145133707247812,0.0,0.0,0.1744605901326306,0.0,0.0,0.0,0.0944185245785874,1
1.0,1.0,0.9737088958144153,0.9928324187580366,1.0,0.11544946141237447,1.0,1.0,0.9397066990139146,0.835960847786275,1.0,0.1128631916001917,0
1.0,0.8949475086434637,0.9131397965884505,0.9297620091930987,0.9580118882622531,0.038934431931443775,1.0,1.0,1.0,1.0,1.0,0.0,0
0.0,1.0,1.0,0.0,0.0,0.10395004358346055,0.14301382405064056,1.0,1.0,0.0,0.0,0.0,4
0.0,0.889187532447623,0.0,0.0,0.0,0.0,0.09085800839831476,1.0,0.14845771084732384,0.0,0.0,0.1160311881064448,2
0.9795722865848336,0.9037651923305269,0.9974432890695075,0.9779478125674481,1.0,0.0,1.0,1.0,0.9491225828364345,0.9633302713879743,0.8883310823779886,0.0,0
0.05209842226378433,0.9376889141024759,0.9126999330407723,0.0,0.0,0.10415049351855205,0.022484975985683137,1.0,1.0,0.0,0.02676994095629856,0.17090084463633037,4
0.10817441994421845,0.0,0.0,0.0,0.06838655597697799,0.06666969395059061,0.15250923644043424,0.08367878403213974,0.0085060661414946,0.09919195531190678,0.0,0.13384763475783584,1
0.02413892132287654,0.9639351161286178,0.0,0.0,0.0026485241844359936,0.0,0.0,0.9375545950122776,0.10373920626717281,0.0,0.0,0.05471215646637689,2
1.0,0.9126698731787836,0.9569596372900211,1.0,0.9282043572884973,0.0,0.9072727468410063,0.955379908836693,1.0,0.9614566467062056,0.8609996165003193,0.02298618310636294,0
0.031166885387659687,0.89755907212109,1.0,0.0,0.0,0.0,0.08279149720527218,0.8993838774375695,0.9207280804011504,0.0,0.0,0.0,4
0.0,1.0,0.9678905540289754,0.07717877120417771,0.0684335778537247,0.0,0.12816922263141844,1.0,1.0,0.10314836024900353,0.0,0.044783330561972895,4
0.9730913635610376,0.0,0.10678577229429945,0.05407565835397399,0.09862078412868949,0.028882072814182008,1.0,0.0,0.1768008727796152,0.09263316919926767,0.0,0.0,3
0.0,0.07195478908676581,0.0394805549804976,0.0,0.0,0.0,0.07459510541654729,0.02591812571018423,0.1066171613169778,0.07466358565677184,0.02197596782637748,0.0,1
0.007319734945637896,0.11919145982504128,0.07768521622204852,0.11547196742767116,0.0,0.040545232318652785,0.0,0.14973567490752315,0.16019556135546154,0.0,0.014485432659322145,0.0,1
0.9993119071562223,0.0,0.10875936269007072,0.0,0.014390095082166682,0.014159049958486991,1.0,0.02511130549553292,0.16104640575312384,0.0819937805080988,0.0769003878175159,0.0,3
0.04721816727117781,1.0,0.07476283822573623,0.03384292542196499,0.05193850396878791,0.09528237122796762,0.15437539882877405,0.9548720932539724,0.0,0.0,0.0,0.1761446249875544,2
0.0,0.9908670795785568,0.9350053608396159,0.0,0.0,0.08885500124882215,0.07346330755024622,0.8289244524111946,1.0,0.0,0.01140900901992345,0.010124037291793564,4
0.9332065705399301,0.026045360287714064,0.06428254229156538,0.0,0.0,0.0775771540431825,0.8960436438672069,0.0,0.0,0.05545617658462548,0.0,0.0,3
0.0,1.0,1.0,0.043085530723180915,0.0,0.04498863061853525,0.0,0.8482982771999655,1.0,0.0,0.11970864753844102,0.013614288799273039,4
0.0,0.0,0.0,0.009583135065280579,0.0,0.0005763865073358659,0.0017025646003325234,0.0,0.0,0.0,0.0,0.0,1
0.97539751252602,0.05019401525719355,0.0,0.0,0.0,0.11200730807909581,1.0,0.16354424603444434,0.0,0.0,0.1758127829465289,0.0,3
0.0,1.0,0.1025395097726072,0.0,0.06974911639366144,0.03417914983038364,0.0,0.8499686162226947,0.07396621821995897,0.01773902606259095,0.07994865274503954,0.0,2
0.0,0.9535470271709422,0.031994394028409145,0.0,0.0,0.0,0.0,0.9351427185702192,0.0,0.0,0.0,0.0881116935297121,2
0.0,0.0,0.0,0.0,0.06939450724677323,0.0,0.0,0.0,0.042712149037658825,0.15510556242670576,0.1789103170740728,0.04504763887538643,1
0.09855690724947441,0.95956050708305,0.0,0.0560002438700862,0.10560331108625093,0.0,0.0,0.9028018861067294,0.09806818848628707,0.0,0.0,0.0,2
1.0,0.058620934407934866,0.0,0.013503052665532644,0.002611109712874496,0.0,0.9227374229028368,0.0,0.03721242866206553,0.054507102384155154,0.004249838867828232,0.0,3
0.052673821325006615,0.9239422671315174,1.0,0.11198697888484171,0.03712232652852304,0.04473446593558886,0.0,1.0,1.0,0.12402893130845316,0.0,0.018268032206790796,4
0.0,1.0,0.0,0.020453960749375527,0.0,0.0,0.0,0.9140539280419788,0.0,0.0,0.02300674018929788,0.06441235598426806,2
1.0,0.0,0.11544264599826234,0.0682124662140087,0.0017889202386508762,0.0,1.0,0.17462775052060908,0.0,0.026733295181250755,0.0,0.042770138663303425,3
0.0,0.0,0.0,0.0,0.0,0.019717369526368794,0.08048898962802542,0.10544550995314078,0.0,0.11725388797855874,0.06825423637796371,0.027443686239611298,1
0.912056507727233,0.916764535525403,1.0,1.0,0.979802947703494,0.011816282116407534,1.0,0.849473310330379,0.980829271898734,1.0,0.8481169799730784,0.023100740018450944,0
0.0,0.9950971594600297,0.9055420061412915,0.08082484926597083,0.0,0.0,0.0,1.0,1.0,0.0193836063351209,0.0,0.0,4
0.9959067563621007,1.0,1.0,0.9513841291431382,0.897513526121283,0.0,1.0,1.0,1.0,0.8670758145588591,0.9533944712981048,0.022194437669412898,0
1.0,0.9417584218323719,1.0,1.0,1.0,0.0,1.0,1.0,0.8411435385690629,0.8321765525792886,1.0,0.1602677200323233,0
0.9023354225103698,1.0,0.957863279337379,0.9724571001750361,0.950043364311117,0.0,0.9570635284559476,0.86998242122539,0.9284072555350248,0.9975246191958825,0.8427761740997036,0.0,0
0.0,0.9843255808364977,0.8863003248765702,0.02381079563293423,0.0,0.0,0.0,1.0,0.9048886387696122,0.0,0.0,0.0,4
0.0,0.07118368781792994,0.022200864419979177,0.0,0.06579786891450062,0.05436221913590289,0.0,0.05434647097351766,0.0,0.0,0.08526913048235196,0.0,1
0.027066743126825138,0.0,0.011655216091005255,0.0,0.0,0.027140170353227466,0.0,0.0,0.0,0.02732138251486635,0.0,0.0,1
0.0,1.0,0.0,0.10475031997299239,0.0,0.0,0.048847425456330335,0.850092862032545,0.0,0.0,0.0,0.07639441283428317,2
0.08364437906597832,1.0,0.011506298289809647,0.0,0.042695684683480756,0.11767543199355687,0.12825079915883847,0.9617580833661187,0.0,0.09081593278691086,0.02893812471410598,0.1098258431217401,2
0.025186726148205524,0.980724753418388,0.0,0.11818775794705877,0.0,0.0,0.05046389603637674,0.9506150144884612,0.0,0.0,0.13278793340411071,0.0,2
0.0,0.0,0.0643824777082532,0.09894066691731176,0.015717978843400593,0.03828728174449053,0.09670695204993934,0.0,0.04552302587815052,0.0,0.0,0.0,1
0.054084686231814866,0.896973576609233,0.941876062748951,0.0,0.0,0.014755281801202003,0.10212176028371178,1.0,0.977626142294497,0.008646448813518226,0.13727122170171363,0.0,4
0.05413371681020243,0.9210200293079469,0.9646171943668801,0.0984925845702283,0.06856232307760643,0.005340953301520429,0.0011278405573291184,0.8961169599949642,0.9537142169448262,0.018085707710805532,0.0,0.03187485394672182,4
1.0,1.0,0.9059436999178256,0.8861628221193918,0.9548697386547269,0.0425633488440981,0.8566844699605516,1.0,1.0,1.0,0.8635798234242335,0.17418396654528168,0
0.9356357524486961,0.0,0.0,0.03710925897914302,0.06822310901611067,0.10892133212114641,1.0,0.0,0.07651046296758268,0.0,0.0,0.11422431380995873,3
0.0,1.0,1.0,0.03925682704696071,0.08826900487009987,0.06133611558879559,0.0,1.0,0.8833265948311722,0.08873020562043288,0.126893375626434,0.0,4
0.0,0.0,0.0,0.08890236862543072,0.0,0.01753418202942944,0.09430244333943738,0.0017149900579876698,0.0,0.0,0.0,0.13188439892255582,1
0.06895842494166046,0.010686451245784434,0.0,0.039026941662320846,0.0,0.10340718217833425,0.0,0.16411804069642522,0.0,0.0,0.11306401919354458,0.09768361639344436,1
0.09905382612399136,1.0,1.0,0.0,0.0,0.03483253843957651,0.11601247084957994,1.0,1.0,0.02910370509860663,0.0,0.0,4
0.0,0.0,0.07033324359617621,0.0032350062009862124,0.0,0.0,0.0,0.1444229521752059,0.0,0.0,0.0,0.12451014808290661,1
1.0,1.0,1.0,0.8977001710986974,1.0,0.03416126145273152,0.8855067291587695,1.0,0.9757425831335109,1.0,0.8399486260063997,0.0,0
0.0,0.0,0.0,0.09371732253288936,0.0,0.10269290794628896,0.0,0.0,0.06919579062402023,0.0,0.0,0.12659449195558087,1
0.09602846180230123,0.0,0.0,0.02792218326226875,0.0,0.02020078388284735,0.0,0.08633383773790204,0.0,0.1224396211610359,0.0,0.0838702064705093,1
0.0,0.889318455444227,0.10118477962817699,0.0,0.015746062092236973,0.0,0.06785618225146078,1.0,0.05432628049492788,0.15354675227891296,0.08483911401663013,0.0,2
0.0,1.0,0.0,0.07044038171160968,0.0,0.07251382281308816,0.11570551129312234,0.9584658112384556,0.029147017429557248,0.0,0.0280355182258287,0.06965962299753092,2
0.07731324431110642,0.10512572321202746,0.04241214929709494,0.0,0.05389695174077605,0.0,0.0,0.0,0.0,0.0074079763578240865,0.0572343432039,0.0,1
0.0,1.0,0.04399708408294978,0.0,0.0,0.013028104662042544,0.13533173248311015,0.9772814136339368,0.0,0.0,0.0,0.15655673330022973,2
0.04185911985186494,1.0,0.0,0.0,0.0,0.05770178848614416,0.17609710676335716,0.8223222882302259,0.0,0.06759889090248905,0.0,0.0,2
0.9436878192501397,0.007378276400364953,0.0,0.10848206130535684,0.0,0.0,0.9700318208775194,0.0006306620886663561,0.162935010372028,0.10606669959456122,0.05040707531331315,0.0,3
0.07492710208312447,0.9972551829766005,0.004536267823834289,0.020333169470396845,0.05129978982000519,0.06961624619668841,0.0,1.0,0.10818466986079955,0.0,0.0,0.0,2
0.9028868405129752,1.0,0.8902124218280908,0.9307400934122914,1.0,0.09301303368827846,0.8318446408552499,1.0,0.9332144895615944,1.0,1.0,0.09081160914487141,0
0.07862904182538016,0.0,0.0,0.027152227018534203,0.0,0.004072716063873133,0.15762328477172616,0.07060109106232643,0.0,0.0,0.0,0.0,1
0.0,0.956420906039644,1.0,0.0718277195232151,0.1048280375472472,0.038325176359342544,0.0,0.9741754750742235,0.8260865158218679,0.15600427867017014,0.0,0.07952274810784377,4
0.9494399784315865,0.9441623359067393,1.0,1.0,1.0,0.0,1.0,0.9098838070977303,1.0,1.0,1.0,0.06344443933198057,0
0.11931318668240665,0.9630654678825374,1.0,0.0859354407916666,0.015857645549088084,0.052165177730953916,0.0,1.0,1.0,0.17750090898209941,0.0,0.05619229776971946,4
0.0,1.0,0.0,0.10466738500041492,0.0,0.0,0.13621962112143016,0.8435359069903016,0.0,0.15269596820388798,0.1061633219441086,0.0,2
1.0,0.0,0.0,0.0,0.0769714083775434,0.01070177822809465,0.9665205924408629,0.028876244907382942,0.0,0.17406460497585952,0.09623278398276741,0.0,3
1.0,0.0823773102712313,0.060265003531132844,0.0,0.10612607709490735,0.02631973282816838,1.0,0.14174801805284987,0.0,0.0,0.15773159882424437,0.0,3
1.0,0.07952327811148877,0.04949378414644362,0.06313348159244608,0.0,0.0,0.9728532783306986,0.0,0.0,0.0,0.08655448249937026,0.031114423943181757,3
1.0,1.0,1.0,0.9335769313553541,1.0,0.0,0.9609765138199367,1.0,1.0,0.8316577874537515,1.0,0.1515737579105086,0
0.0,1.0,0.0,0.044960738575292425,0.0,0.0,0.03839574923911104,0.8313221705123377,0.1713297146812957,0.17774624798329275,0.0,0.041041798710803906,2
0.0,1.0,1.0,0.0013933190653790395,0.05244953843148578,0.0,0.011570640165890628,1.0,0.820235665317578,0.05167780508879857,0.06564194161498588,0.10526588444034296,4
0.004958580469856158,0.8986570440337083,0.9908664989172876,0.0,0.0,0.023001056538967474,0.018263075368128046,0.8851357164089102,0.9753216699671198,0.16467667714185608,0.0,0.1062942095017283,4
0.11451612619981785,1.0,1.0,0.07574373719088318,0.0,0.0,0.0,0.8310538344754735,1.0,0.019831983998436803,0.0,0.0,4
0.0,0.0,0.026257381855347678,0.05006089620081433,0.11502183829585688,0.0,0.0,0.0,0.021749581770417553,0.049501275691700375,0.0,0.0,1
0.0,0.9744748436536623,0.0,0.011179539646945125,0.0,0.0,0.0,1.0,0.171294273958418,0.0,0.0,0.13133797719444018,2
0.9844943789278018,1.0,1.0,1.0,0.9418927263970663,0.09859307657558261,0.9849365852041414,1.0,1.0,1.0,1.0,0.0,0
0.0,0.018951910186151194,0.10355515665264137,0.0,0.0,0.0,0.07006299785812836,0.0,0.009738984025663477,0.008872635331335144,0.0704986190442618,0.0403393481742326,1
0.10716247335411233,0.9734951994073495,0.0,0.05791131319608428,0.11232006810083517,0.007603713068375012,0.0,0.8654926095259283,0.0,0.08475205493161947,0.0,0.08115093819878733,2
0.09776136497002919,0.9734287090228885,1.0,0.0,0.1151161314784061,0.0,0.0,1.0,0.9550689180941317,0.0,0.053382671032316587,0.0,4
1.0,1.0,0.892597865641471,0.9791923278515821,1.0,0.0,1.0,0.9918814673587227,0.8918041508803366,1.0,0.9356203727629,0.05252325044049713,0
0.8848125657998859,1.0,1.0,0.882135516656811,1.0,0.03536917300200579,1.0,0.9725704482374629,0.9555311628175602,0.9455353117379492,0.9107195353400354,0.0,0
1.0,1.0,1.0,1.0,1.0,0.0,1.0,0.9513395844292303,0.9532651481620777,0.8954225310777356,0.9161120159376808,0.15719565157649784,0
1.0,0.9633289036740278,0.9828107231763387,0.9689370102923335,1.0,0.0,1.0,0.9767753722027637,1.0,1.0,0.9172296626994643,0.11095171877043214,0
0.09366169675269853,0.9579316134079756,1.0,0.0,0.062142366602123605,0.0077966368200108604,0.0,1.0,0.8937853664766985,0.0,0.17854417939410755,0.0,4
0.0,0.10733844202859918,0.0,0.052460021720834416,0.0,0.10079737173608219,0.10156389963502455,0.0,0.0,0.0,0.12828158195598527,0.03602980313900092,1
1.0,0.0,0.00301476100374469,0.0,0.10415452298168681,0.08847096892686107,0.8725380500254152,0.07599780829379288,0.0,0.0,0.0,0.0075927714530819035,3
0.0,0.991945480174429,0.11181251828442271,0.0,0.08263807932724071,0.0,0.0,1.0,0.0,0.13285993380974542,0.0,0.046921744218605094,2
0.0,0.0,0.0,0.07853491779066424,0.0,0.014358002527880248,0.10927374586461419,0.057121456550465494,0.0,0.12690756630304195,0.16696328058906373,0.0,1
1.0,0.01249376626849552,0.08722518538182658,0.08407416328169123,0.0,0.0,1.0,0.0,0.0,0.0,0.03716963529374559,0.17629679804353499,3
0.0,1.0,1.0,0.0,0.0015557484833740864,0.04769512648398386,0.17657483425303427,0.9412518653048578,1.0,0.1410864798928385,0.16554396775632801,0.0,4
0.0,0.8931813922662033,0.9180060338868308,0.03968591569530461,0.0,0.07277988134701271,0.0,1.0,1.0,0.025762487535654632,0.034370618921551355,0.13858235029502558,4
0.039042837450887186,0.08351564162492797,0.07356961366269563,0.02736863437443074,0.0,0.0033928033239317146,0.0,0.0,0.0,0.0,0.0,0.0,1
0.0,0.9531686674786828,0.9022249806982001,0.0,0.0,0.0,0.0,0.9897978677261555,1.0,0.0,0.0,0.1032922612506112,4
0.0,1.0,0.9100138473516881,0.0006078832763336539,0.017728882956780323,0.06944259663581598,0.0,0.9130713690986325,0.9926284960991287,0.17661427166691646,0.09104229979064571,0.0,4
0.0,1.0,0.8909901207972588,0.1103520505799725,0.0,0.08318521884027688,0.0,0.9843878708620046,1.0,0.16127105444024248,0.0,0.03302452823921709,4
0.09596439304963536,0.9952190991597082,0.9570037268287075,0.05923838312619212,0.0,0.030656286953026607,0.003934140309694967,1.0,1.0,0.0,0.143874524807662,0.019367915442526473,4
0.943208810947714,0.05181314410000554,0.007878660596250836,0.0,0.10110199818356064,0.0,1.0,0.0,0.0,0.017275397895308214,0.06030767796459657,0.0,3
0.11270719018454234,0.0,0.0,0.11606850452764172,0.030362603427660145,0.08217738598460461,0.0,0.0,0.0,0.0,0.0,0.0,1
0.0,0.0,0.0486235453699814,0.11132804897733956,0.0,0.08635114690574933,0.046947556921442035,0.07671341326418263,0.17261529765760092,0.1255018539611485,0.08534819281338196,0.03450223820796813,1
1.0,0.9891321684569241,1.0,1.0,1.0,0.0,0.8945766533247971,0.8977424866907229,1.0,0.9382814392356029,0.8731195047789198,0.14419117282743293,0
1.0,0.9014705729227639,1.0,1.0,1.0,0.10480065114015025,0.9629180467401879,0.9983382030358328,1.0,1.0,1.0,0.13562754045045244,0
0.9619959709767301,0.03184738725187733,0.058750534342696586,0.08426348590624727,0.01768622184906235,0.11453567472027218,1.0,0.0070447847051434975,0.027167252909053696,0.0,0.018161483103553144,0.1592243497020951,3
1.0,0.0,0.0,0.05601895763503753,0.0,0.02422471185911479,1.0,0.011113226562971201,0.0,0.0,0.0,0.04835254363133529,3
0.0,1.0,1.0,0.0,0.020744041120938528,0.11882410117996484,0.04943585816009305,0.9787829776031515,1.0,0.05153241387591212,0.0,0.0,4
0.0,0.0,0.0907961434601838,0.0,0.0,0.0,0.004991937501529903,0.09591927756436747,0.0,0.0,0.09094626233107544,0.015736440689403303,1
0.8822553835491691,1.0,1.0,1.0,0.9179141492972289,0.0,0.8917181196792012,0.9584895696282444,0.9939549019813179,0.9053940526939268,1.0,0.02693229486431223,0
0.011755870783270839,0.9021707408120935,1.0,0.0,0.0,0.0,0.0,1.0,1.0,0.06433653965070776,0.0,0.0,4
0.11321868123941703,1.0,0.0,0.07530704384528597,0.0,0.09519717927032484,0.0,1.0,0.008341136207172667,0.09542921037150603,0.0,0.0,2
0.0,0.0,0.025097581757479892,0.0187052401867335,0.08323293280168778,0.0,0.07375771531975489,0.0,0.0,0.06857901535051106,0.0,0.08326554588606133,1
0.9197260189982425,0.975121976063736,0.9533222187626154,1.0,0.9361945219562606,0.0373164548120484,0.8233433011390456,1.0,1.0,1.0,0.9720330161590216,0.0,0
0.0,1.0,1.0,0.0,0.0,0.0,0.023966471103271575,1.0,0.8709166524038165,0.08542681720011663,0.0,0.0,4
0.0,0.06448975759372752,0.0,0.03440116007253474,0.09902621348187035,0.05169607626020237,0.0,0.05052069694036504,0.1558417404712798,0.05925810113977023,0.0,0.07201987176194125,1
0.021268193739741398,0.9345102126831987,0.0593941654310865,0.09320048119020766,0.07036340213337702,0.01633166678985304,0.0,0.8357389941296378,0.0,0.055875222687072235,0.0,0.0,2
0.9877907689730314,0.03911112729817515,0.0,0.03302329322286912,0.0,0.09653211377475865,1.0,0.0,0.01305363076268154,0.0,0.02523900012776037,0.0,3
0.0,0.0,0.009061011365798705,0.048658287904209896,0.11429374112136667,0.06604961771113471,0.0,0.0,0.10591732331132053,0.020910313914411865,0.026986425934604957,0.0,1
0.07748225351312668,0.0,0.0,0.05079370097939753,0.07882503106365135,0.0,0.03176620484313844,0.006820199790424836,0.0,0.0,0.0,0.0,1
0.0,1.0,0.00902496153051352,0.0,0.0,0.06848587459124739,0.03882141773846998,1.0,0.1728619615530571,0.0,0.0,0.012416609072060741,2
0.9302694373331846,0.0,0.0,0.08924970728615653,0.0,0.09977709871859544,0.865767825153251,0.0,0.04776542340233164,0.16960884577108254,0.0,0.033420521761323235,3
0.02519068933683749,0.8847807799880717,0.053334893025966335,0.07257909067724011,0.0,0.049135324954905635,0.0,0.8765174479911748,0.01285157220355762,0.12950022085320484,0.0,0.10846274210591239,2
0.10196672297244186,0.0,0.06851808433961609,0.0,0.0,0.09481900197619167,0.10043110042548054,0.0,0.0,0.08558923176329108,0.13315906906116082,0.0,1
0.0,1.0,0.9883099227192458,0.091242559939816,0.0,0.003154881723127778,0.0,1.0,0.913420244413869,0.0,0.0,0.0,4
0.9733287708252487,0.0,0.0,0.0,0.05380283733366886,0.09820512847448196,0.8806749963677618,0.12731290050430633,0.0522032212181473,0.03567787938667208,0.11165117524904311,0.12452491710383884,3
1.0,1.0,1.0,0.9856734903449625,1.0,0.0,0.9418820442585154,1.0,1.0,1.0,1.0,0.12936318630057597,0
0.0,1.0,1.0,0.0,0.013426592838220813,0.0,0.11096705959371811,0.9243434057307892,1.0,0.025575738249307117,0.0,0.0,4
0.0,0.9142512356084966,0.05969521738801992,0.10320404782585543,0.0,0.0,0.05562762904020019,1.0,0.0,0.0,0.073456990781125,0.0,2
0.07685791450809637,0.07785620777668356,0.047635725011175994,0.0015202833408723276,0.0,0.024507826082524498,0.0468562829466595,0.10476695441302336,0.0,0.0,0.04618665836749308,0.0,1
0.05072344269076107,1.0,0.014516607716644064,0.0,0.06935161337352819,0.04448822042984926,0.06121407512245297,1.0,0.0,0.021525848176078027,0.17924404063387384,0.15818657360042815,2
0.0,0.8921819612534332,1.0,0.010480922849931129,0.0,0.009360692296523976,0.0,0.9965830074704305,1.0,0.0,0.10441012829082319,0.07155918709225784,4
0.0,0.0,0.038439542165068785,0.0,0.0760880615811051,0.09294276877778987,0.0,0.028055309362541997,0.0,0.06534604367519262,0.0,0.025299506827926588,1
0.051783637456694426,0.9184564666670623,0.10295216618746661,0.09663564452556933,0.06391411771838279,0.0,0.0811491863213864,0.8525590315937591,0.06904243737316426,0.13389861852355472,0.155440783853456,0.09588145921070201,2
0.0,1.0,1.0,0.0,0.0,0.03075066022249512,0.0,0.9943296711097163,0.8368803408123047,0.007755333333379216,0.0736870014675069,0.029511705375958097,4
0.061856107822334916,0.08466339484300808,0.0,0.0,0.10774581960618931,0.1024151268261857,0.0,0.0,0.013681964846514988,0.0,0.008375717327951282,0.0,1
0.045513066833650806,1.0,1.0,0.0,0.0,0.0,0.06114106135880654,1.0,1.0,0.0,0.0,0.04486292087030966,4
0.0,0.03469797519550041,0.04831875360552071,0.06995189864765106,0.0,0.0,0.06812999290225519,0.0,0.0,0.14351869593721533,0.0,0.0,1
0.0,0.8824498915787808,0.9103679181380021,0.030552666905140413,0.0,0.0,0.07809822706882957,0.9992897278763584,1.0,0.0,0.13529178706679307,0.0,4
1.0,0.017602781409164547,0.005463693804638792,0.10564728033308873,0.07515856111983166,0.0307484038073772,0.8555695121379171,0.15144108942428086,0.10868228860359525,0.08246065232444061,0.1257948300297564,0.0,3
0.037237533333127626,1.0,0.9315083599966884,0.04006813389456884,0.023088659665415484,0.0,0.0,0.9725903637458443,0.9492457860551043,0.0,0.0,0.0,4
0.9423957332802905,0.03443136652006237,0.047986254420682384,0.0,0.025556061071977443,0.045367686659748,1.0,0.0,0.07403667430035538,0.0,0.11050771128370579,0.0,3
0.0,1.0,0.1064514185301855,0.06617987322800997,0.028695973345988057,0.06338365691126122,0.125169172060571,0.8434101587664533,0.0,0.1508816835944306,0.0,0.0,2
0.956959627694316,0.9524234644346088,0.9143825041991989,1.0,0.9330502577070479,0.0,0.9984234834974876,1.0,1.0,1.0,1.0,0.0,0
0.02167571406951696,0.051032253913512654,0.0,0.0,0.0,0.04601218279941635,0.0,0.008574230183813591,0.0,0.10478397392532907,0.004199922534421918,0.161911400091379,1
1.0,0.8906312064466839,1.0,1.0,0.9759082590940198,0.06064386665510538,1.0,1.0,0.9804802785417664,0.960808300723901,1.0,0.03189238435445299,0
0.038238518014148515,0.0,0.0,0.07118711319425836,0.04445850105961863,0.11245772107508961,0.0,0.0,0.10985532284102328,0.09302688749978799,0.0,0.08655007853272828,1
1.0,1.0,0.8980098795971583,1.0,0.9671946713562357,0.07226303413492077,0.8442040107023592,1.0,0.9518782503185734,0.95782758460796,1.0,0.03783413838772279,0
0.9423998928232961,0.0,0.0,0.06896974763341454,0.04789480136261301,0.016375485554872088,0.9505807246041977,0.0,0.160125087929526,0.0,0.0482020487614489,0.0,3
0.9277911838543784,0.8858620930544383,0.938762210578804,0.9940327226125132,1.0,0.0,1.0,0.8219961345296914,1.0,1.0,0.858371426762874,0.0,0
1.0,0.9960394009319671,0.9845378783209346,1.0,0.9444149291318141,0.08441115840463964,0.9564361494861751,0.8303319991972322,1.0,0.8854623485767691,0.896363146064706,0.10721964845811471,0
0.0,0.08630016069979454,0.0,0.02438393765326588,0.08812122713967863,0.09613797239379013,0.0,0.0,0.08441294655270476,0.1558567610638688,0.007904721193895986,0.1184333697628312,1
0.9111705945689952,0.05985845934930428,0.0,0.03778972022351612,0.04123460815625038,0.0,1.0,0.017525040433169436,0.0,0.17381289792064353,0.13435961755900616,0.12709090305385745,3
0.9223676502620686,0.001750315695905058,0.003408056408922111,0.10834456737985546,0.0,0.08814263200555447,1.0,0.0,0.0,0.1707675804453883,0.0,0.0,3
0.08040199764735359,0.9565505071314293,1.0,0.0,0.08278124137755247,0.0,0.0,0.9637474378871964,1.0,0.14345151277766827,0.0,0.1622300918327481,4
0.9137078049573397,1.0,1.0,0.9056707613246846,1.0,0.0,0.9692093242461989,1.0,1.0,1.0,1.0,0.0,0
0.9849934144467954,1.0,0.9332891216576753,0.9882707176529701,0.9639004187532757,0.0,1.0,1.0,1.0,1.0,0.8695358515813139,0.0,0
1.0,1.0,0.9716006127533409,0.9516053809161912,0.8929748729542181,0.0850175448968025,0.9338980447535352,1.0,1.0,0.9955291044693186,1.0,0.0,0
1.0,0.8938974265655513,0.9006910716139575,0.9842760612654446,0.9888092421513143,0.026119777062586447,0.8789797471367468,1.0,1.0,1.0,1.0,0.0,0
0.955681140634118,0.04188032889493723,0.0,0.029967047425991683,0.0,0.0,0.9044986830286857,0.15162346119831038,0.0,0.03856382743697517,0.1258805486892003,0.0,3
0.0,1.0,1.0,0.037771839558377596,0.014725737282044932,0.0,0.17579778199809054,1.0,1.0,0.09739332912595022,0.008058585895220044,0.12892809283847145,4
1.0,0.9081558878664002,1.0,0.9949410103221678,0.938222363642978,0.025056368178907468,0.9493334399985672,0.914162185858727,1.0,0.999019825516354,0.8554989633635728,0.1732746444647676,0
0.0,1.0,0.11307376665862962,0.07759817009644476,0.08716447720175297,0.10261796141411533,0.1106750467225866,0.8337496937292233,0.0,0.14193544877165376,0.0,0.08503062087064056,2
0.0,1.0,0.0292599285206033,0.0,0.0,0.10327404347073421,0.0029456174526227286,1.0,0.0,0.0,0.11906163699751382,0.0,2
0.027539560675288066,0.0,0.06812837636130442,0.0007990099532302758,0.0,0.0,0.007935922678159513,0.0,0.0,0.01073394681829401,0.0,0.10882807056281296,1
1.0,0.9273578645877392,1.0,0.9733205872853697,1.0,0.0,0.9373545681755746,0.9847181519942267,0.9144472223628499,1.0,1.0,0.05007909083981421,0
0.0,0.9532355374657621,0.009971800022714666,0.0,0.0,0.026097430147787454,0.0,1.0,0.0,0.0,0.08252140830668753,0.08474921577322675,2
1.0,0.9755910448948293,0.898464997945923,0.9189880601715295,0.9377133266330289,0.08031613442202049,1.0,1.0,1.0,0.8393307155010616,0.9773517710236597,0.12192287674074298,0
0.07710991698145722,0.0,0.0,0.014036871945402651,0.0,0.0556287081359948,0.0,0.07318961564706133,0.12885196004314037,0.08902321077970893,0.0,0.0,1
1.0,0.008340929472337277,0.05790189302753643,0.08942774727245678,0.1129049327336272,0.0,0.9082313385769901,0.06826948209298336,0.0,0.0,0.03928957503791747,0.018711235671427517,3
1.0,0.0,0.11732841357024235,0.0,0.03870926061694488,0.0,0.8920925480508513,0.06663025464579592,0.0,0.05286347306083641,0.16076828101837054,0.0,3
0.08647067316661186,1.0,0.05710165682690416,0.012599030403208755,0.0,0.0637635637114545,0.1737124404704456,0.9523751214641636,0.0,0.0,0.0,0.0,2
0.051023641271994685,0.9924109298363814,0.0,0.0,0.0,0.0,0.0,1.0,0.0,0.015577038556102402,0.023606856137587756,0.0,2
0.0,0.0952936158633027,0.027222806256388704,0.0795398836478505,0.0061566779245193215,0.0077029568777330915,0.15242751096380186,0.0,0.0,0.0,0.11413393317980797,0.14030149873740538,1
0.09108664099875172,0.9443840679439992,0.0,0.06857463634653474,0.0,0.0,0.0,1.0,0.0,0.0,0.0,0.0,2
0.0,0.9665190909252473,0.9516027126118288,0.0,0.0,0.0,0.0,1.0,0.8767256788596789,0.06146946271293019,0.0,0.12887109405933295,4
0.02685004012826725,1.0,1.0,0.0,0.0,0.0,0.0,1.0,1.0,0.0,0.0,0.10030788592553264,4
0.0,1.0,0.0,0.03740498926625685,0.0,0.0,0.0,0.8525609266482236,0.1781178057634299,0.0,0.0,0.0,2
0.0,1.0,0.03329610069024261,0.111708734525306,0.09051456861536211,0.04291236617252184,0.13967816501282482,0.9607694412178787,0.0,0.1778197349566889,0.0,0.0,2
0.0,1.0,0.1089764685276659,0.018460042006226557,0.0,0.0,0.1067635089566607,1.0,0.03658234993129486,0.0,0.0,0.013785459599273853,2
1.0,0.0,0.0,0.05768553432011056,0.10720138300396079,0.015064981026074037,1.0,0.0,0.0,0.0,0.020621361231335927,0.0,3
1.0,0.007662163713585413,0.0,0.011131468969342417,0.0,0.0,0.8285802940789326,0.0,0.022051077293437832,0.039478764980816206,0.0,0.17722344907439935,3
0.0,0.9945054513814098,0.0,0.0,0.06382937119524143,0.09992204335946928,0.0,0.9778913347692788,0.0031201888629193986,0.031709115956335104,0.16011651574285535,0.0,2
1.0,0.0,0.0302135688937058,0.013263446969351306,0.022522815664063583,0.062030776108658925,0.8662728458360534,0.1641980016686338,0.0,0.13238557128275696,0.018927044061992637,0.0,3
0.001766695920942321,0.9500482266814184,0.911197161611564,0.09179788042115741,0.0,0.05650193025421493,0.0,1.0,1.0,0.0703009307067084,0.0,0.0,4
1.0,0.8860025812534401,0.9460070364085886,0.9335705771557175,1.0,0.0424078769814987,0.8295529490861909,0.8915815542471934,1.0,1.0,0.8993586239346508,0.03213564619532713,0
0.0,0.9553384244689085,0.8835294008337322,0.10967546489930194,0.0,0.04815865486260132,0.0,1.0,0.8707057285836455,0.024295311181881024,0.0,0.033515308200715854,4
1.0,0.0650022566629393,0.04773639688810505,0.006612031158072712,0.0,0.10722716526243833,1.0,0.0,0.0,0.0,0.167107360315285,0.0,3
0.0,0.0,0.0,0.09273815327017576,0.02487263588331004,0.06949127160531055,0.12851055493829222,0.0,0.17843916146397093,0.03296911366623667,0.12131604944612567,0.0,1
0.032591758669195836,0.0,0.11229876305288139,0.0,0.11647409171138104,0.06768567903964784,0.11857384252147946,0.0,0.16994944945169538,0.0,0.15606245377549416,0.0,1
0.0,1.0,1.0,0.0,0.0,0.0210266908340756,0.0,1.0,0.8203521445568264,0.06037788172658376,0.005003498467276463,0.03614127889754079,4
0.04497069244280663,0.0,0.04515390833585187,0.0,0.0005579009881107044,0.02513082230466035,0.0,0.09523398748616446,0.0,0.0,0.0,0.08725199819864382,1
0.08938635227002575,0.07843727918564355,0.044392116307992696,0.0,0.04450649267071635,0.04520319407437326,0.0,0.0,0.14788367225744192,0.0,0.0,0.0,1
0.9117498360429863,0.08680518974477486,0.08022718077991756,0.017727480739040596,0.0,0.0,0.95587303525899,0.0,0.0,0.1075816990165736,0.06390914910683834,0.0,3
1.0,0.0,0.0,0.0,0.0,0.0,0.9928632065795269,0.034826534857774455,0.1062011432293149,0.06012875280267929,0.15761706299682438,0.0,3
0.9245713880556642,0.06625628414240153,0.0,0.0,0.1082430376749389,0.0,0.9742685969392418,0.03228868671536478,0.0,0.04132914374471475,0.0,0.0,3
0.9815531056482129,0.9308315693060997,1.0,1.0,0.9282762552135271,0.0,0.9417108023730839,1.0,0.9028413037347677,0.8992782584025614,0.8455575109632517,0.04719706461723561,0
0.09710821042894785,0.017913660413689164,0.003691920711289015,0.10557865757523291,0.0,0.0,0.11447159737898971,0.0,0.024207798784296686,0.15661518750322234,0.0,0.06546086481972119,1
0.8868532410216796,0.002929044067355502,0.1013648634563376,0.09278285908135975,0.11165654664808183,0.1062831196619608,1.0,0.0,0.09569632031713382,0.108536264632619,0.0,0.0,3
1.0,0.0,0.0,0.0,0.0,0.004437323511931823,1.0,0.017272956218102903,0.0,0.0,0.0,0.019606264111152932,3
0.0007693491174819433,0.9637201796219657,0.04949390803287443,0.0,0.0,0.03742061940086372,0.0945387312549339,0.929054758641509,0.0,0.14981760846195502,0.05224824200680908,0.0,2
0.0,1.0,0.0,0.09991112005724403,0.04753055821634128,0.05337825340432176,0.0,1.0,0.0,0.0,0.0,0.002183245838199982,2
0.026983836166912745,0.8993424371853804,0.012342060468384292,0.10718416237139325,0.0,0.0,0.16972763361030702,0.8277195743862447,0.0,0.09850076736104574,0.11209074102806105,0.01230691000021994,2
0.0,1.0,0.0,0.04147310214138075,0.0,0.0,0.0,1.0,0.17528286327675607,0.09409102928415602,0.15556621711651542,0.0,2
0.9698870941287561,0.0,0.053826423781938526,0.0,0.08095399739901529,0.03415617396114601,0.8840814529391141,0.0,0.0,0.0,0.0,0.13808468842298438,3
0.0,0.9739308145207712,0.0,0.0,0.09896849522823101,0.0,0.0,0.8942322957563305,0.04510314196134818,0.16123600593635484,0.040789429693449286,0.0,2
0.0,1.0,1.0,0.11941096332122789,0.06445648498613438,0.0,0.02658683445650553,0.8594131020134488,0.843907036817666,0.1206662693162045,0.0,0.0,4
1.0,0.06693040267357897,0.08728569580688156,0.0,0.0,0.07367669881785177,1.0,0.10300738781226948,0.0,0.0,0.07349314697040155,0.0,3
0.07085746107380611,1.0,0.014793740033331754,0.0,0.024432458660915785,0.006542966754669116,0.1413590472389552,0.9718300506887398,0.09223243323470653,0.0,0.0,0.0,2
1.0,0.0,0.0,0.08299275240795628,0.0,0.03299475737319743,0.8260028034430698,0.12141847015855262,0.12536280932933042,0.0,0.07535122320739085,0.1460609095920421,3
0.0,0.0,0.04563253976171436,0.003692986257593886,0.040676613636270786,0.049537180156270316,0.039806115772397094,0.10157625279590088,0.16105805781984694,0.11649968208737843,0.0,0.0,1
0.0,1.0,0.9502278443015613,0.0,0.0,0.0,0.0,0.936035034636272,0.8858855199511106,0.08530846691130328,0.1681347133631983,0.06110334078037011,4
0.0551234243168042,0.8888855259900311,1.0,0.0,0.0,0.00867563011659811,0.09516962738782436,0.9215361948565347,0.8561651229294849,0.0,0.10434131980701666,0.06589501814635193,4
1.0,0.9209228948191982,1.0,1.0,1.0,0.0,0.8745152529229644,1.0,0.9677358673561738,1.0,1.0,0.13421437520843532,0
1.0,0.0,0.02547826241415896,0.11568242947541782,0.0,0.0,1.0,0.022811292819238937,0.12936910469070168,0.16405621247039331,0.0,0.043514062906447715,3
1.0,0.9255796384987242,1.0,0.9333671665543045,1.0,0.06837529327106806,0.8852089088094403,0.8551371029725754,0.8660598902905792,0.9131146662016748,1.0,0.09465055859494892,0
0.9855669647573448,0.0,0.05849595988726372,0.04681980394462301,0.0,0.0,0.9133916220895815,0.07961017238417983,0.0883646058535853,0.1786023076329713,0.0,0.04264559689165234,3
1.0,0.04417636047849435,0.0,0.0,0.11025595506300964,0.017897933726580717,0.8719781319269204,0.08075311566343008,0.10281509343063755,0.1327684111353193,0.0,0.0,3
0.9231558096874886,0.9565306161590511,0.9325648451375427,1.0,1.0,0.0,1.0,0.9159497203836459,1.0,1.0,0.840127116106882,0.17870113746232458,0
0.0,0.0,0.0,0.0,0.0,0.107283711642639,0.16777996402791812,0.022740697369774854,0.09718818938418006,0.09269038261680207,0.16604594110858117,0.0,1
0.0,0.8867129581274191,0.0,0.015410180192165474,0.0,0.0,0.0,1.0,0.0,0.17343132687355,0.0,0.1281022458521126,2
0.0,0.06964692068309081,0.0,0.0016055105030421957,0.0,0.0,0.0,0.0,0.0620902646517677,0.14981869914248708,0.10701157817841295,0.05243479943924695,1
1.0,1.0,0.9462993766772898,1.0,0.9795861816523228,0.10421961448380482,0.9962705247960524,0.8734943506178041,1.0,0.9442446190094828,1.0,0.015634822665122283,0
0.9028377437138064,0.0,0.0,0.0932180126733666,0.0,0.0,1.0,0.11216775668124102,0.017617140238548434,0.02785027707597723,0.06857359853821443,0.0,3
0.08176304524444242,1.0,0.0,0.04769417425902417,0.0,0.1173290073348208,0.0,1.0,0.11112199846209225,0.0,0.029558860724624214,0.046481638741043496,2
0.06712149095434014,0.0,0.0,0.02065923965032765,0.004258248237430762,0.05686212963513479,0.16678355942357598,0.0,0.038290826877210776,0.0,0.15469698269236332,0.026966419828493293,1
0.8854564785572719,0.9516071172887156,1.0,1.0,1.0,0.07760650497018823,1.0,0.9709266154570307,1.0,1.0,0.8256324866908779,0.0,0
0.09709405518246009,1.0,1.0,0.02217429479872665,0.0,0.0,0.0,1.0,1.0,0.02396924760663874,0.17402595655668446,0.0061491971619148655,4
1.0,0.09166499762591715,0.0,0.0,0.073308114945634,0.0,0.9470588942983473,0.15907719363335704,0.0,0.0,0.08404174478972143,0.0,3
1.0,1.0,0.9497086364783045,0.9490312819873936,1.0,0.0,1.0,0.8694182637283323,1.0,1.0,0.9072848938277033,0.06114022736151742,0
1.0,0.005827678958903959,0.0,0.0,0.0,0.0,0.9291504483813793,0.0,0.0,0.130985211277169,0.12220846870288754,0.16686294362406556,3
0.10823213566731121,0.9005288481690993,0.0,0.010273093514129361,0.0,0.0,0.0,1.0,0.0,0.0,0.0,0.0,2
0.9805651078311572,1.0,1.0,1.0,0.9329292866377166,0.0,0.9882604537236317,0.8659460070212178,1.0,0.8297079226858496,0.9618472922822937,0.023181113888918692,0
0.0,0.96973745990581,0.028314480369228623,0.0,0.0,0.0,0.1448195345135146,0.9527966318563605,0.14503700996578495,0.17624341071977379,0.1562797281724725,0.13248535408747758,2
0.059044562691017655,1.0,1.0,0.08500851891553804,0.0,0.005330980352546311,0.02352235374644271,0.9259867007110895,1.0,0.1394418274719535,0.025013352206066986,0.10522747986724484,4
0.0,0.030809047119146005,0.0,0.0,0.0,0.0,0.0,0.0,0.09057950874553328,0.0963259590952657,0.10538330948179853,0.0,1
1.0,1.0,0.9133102460363647,1.0,0.9876643537557392,0.0,0.8600272697167258,0.923716568094123,0.9284144300510392,0.8371898007827865,0.9711371957512395,0.10580367911019772,0
1.0,0.0,0.11365909510658129,0.0,0.0,0.0,1.0,0.0,0.0,0.0,0.11356900291100802,0.12409914448813425,3
0.0,1.0,0.031428651284978876,0.04234214370534911,0.047393141387121,0.03488004889705945,0.12294572396661241,0.8244414594920205,0.09754998678885463,0.05198306065931471,0.15007782711360734,0.0,2
1.0,0.0,0.04193253829480845,0.0,0.0,0.10420249827068695,0.9214170239444375,0.0,0.0,0.0,0.14009973656951008,0.06709954986681574,3
0.06672442637449297,0.9609980349021828,0.998170127157436,0.0,0.0,0.06977565898374999,0.0,0.8894578861813134,1.0,0.0072923627389776535,0.0,0.0,4
0.0,0.8890457303869906,1.0,0.0,0.0,0.0,0.13899559883183488,1.0,0.9913080273719355,0.12451514826882021,0.008828920387149136,0.0,4
0.8846213755194788,0.06372880212600124,0.0,0.040714097705022406,0.04730993881512649,0.012007459523609043,1.0,0.0,0.14348842932621536,0.0,0.0,0.013042793889686294,3
0.0,1.0,0.8915424849889355,0.01298583152953578,0.11368869927942926,0.03253392249727896,0.0904242778101702,1.0,1.0,0.0,0.09087172324047516,0.16200850439524433,4
0.03269879392344732,1.0,1.0,0.0,0.0,0.0,0.010544267191456541,0.8217898226840705,1.0,0.0,0.1285004728418579,0.0,4
0.0,0.9810628774566671,0.012029681495846961,0.07195682051492297,0.051437030066431744,0.0,0.0,0.8588366505904247,0.0,0.0,3.353127361882535e-07,0.0962585825204667,2
0.0,0.0,0.08563902920021149,0.0662439762715053,0.0,0.05304085504414155,0.04069412724618962,0.0,0.050725414722626344,0.0,0.008352194109564781,0.0,1
0.0,0.9830688691196743,0.0,0.0936365270788862,0.11986683246235333,0.07604332609104578,0.0,0.9844909333690623,0.07139097708948705,0.08107926741802401,0.13966939846436205,0.0,2
1.0,0.0,0.0,0.0,0.09573111166546339,0.0,0.9808524593552713,0.0,0.0,0.0,0.11321978989894504,0.0,3
0.0,0.9268977111157968,0.0,0.09804005241619568,0.06846331370187478,0.0,0.16670336008696085,1.0,0.0,0.0,0.0,0.10410889929380629,2
0.0,1.0,0.9905645959262757,0.0,0.0,0.07835242119173985,0.12482752186753515,1.0,1.0,0.0,0.15861788086626238,0.016625551773390812,4
0.0,0.08999835348890331,0.004965033445545608,0.030546287338775874,0.0,0.11269790533018714,0.0,0.13384573227700647,0.0,0.1610815363158537,0.05208193124022967,0.0,1
0.9057427815516216,0.0,0.0,0.0,0.0,0.0,1.0,0.16953847134366357,0.08706473496198708,0.0,0.0,0.05530535018490276,3
1.0,0.0,0.0,0.0869398245861478,0.0,0.08462422208180481,0.9506584225920096,0.14732841784939177,0.030041467589329546,0.11817162335501707,0.0,0.07329715805559212,3
0.9286510303070161,1.0,1.0,0.9172985323172648,0.9194499953679444,0.0,0.8631688802879417,0.8767415357435858,1.0,1.0,1.0,0.0,0
1.0,0.9023702083075654,1.0,1.0,0.990747494602908,0.0,1.0,0.9077431261870498,1.0,0.9580909647689739,1.0,0.002966720973441833,0
0.0694933404362291,0.0,0.02137154067388955,0.05793457014773881,0.06276941449139806,0.04720982475779201,0.1356358727495608,0.0,0.0,0.07529358139419884,0.10419209362984494,0.028075372488160638,1
0.0679507809820932,0.9769146739467651,0.0,0.019188907309423797,0.03727404179315097,0.0,0.0,1.0,0.10295087336705244,0.09274366772730497,0.08010372648524622,0.0,2
0.020923216220025492,0.0,0.0,0.0,0.08820619677061028,0.11679320335760723,0.0,0.02009298418732869,0.07568892243839709,0.09188774920518666,0.0,0.0,1
0.9404009931807495,0.0018776523986393095,0.0,0.08071109935864637,0.11594078664182655,0.0,0.857427563362039,0.10113189382444243,0.07507047188006571,0.02184147371642753,0.12146832945662162,0.0,3
1.0,0.9342057406305813,1.0,1.0,1.0,0.08597259816508493,0.8816980870795772,0.9999490215206052,0.9762074747097984,1.0,1.0,0.12886571281092096,0
0.0,0.9542053047173773,0.9567492660220528,0.03901633652451372,0.10688712929761568,0.0,0.09470297830759405,1.0,1.0,0.0,0.1776436556817012,0.14703592220417883,4
0.9706984376757827,0.021213787617578916,0.0,0.04830918807616166,0.031073299096019524,0.08863898438398371,0.9302592266990872,0.0,0.0,0.0,0.11131967948362553,0.0,3
1.0,0.0,0.053826872403556186,0.05174603753918197,0.10135461347223332,0.0,1.0,0.0,0.0,0.0,0.0,0.1305780074230385,3
0.932658780650542,1.0,1.0,0.9651531122956384,1.0,0.08285301656790739,1.0,1.0,1.0,1.0,0.8877641193658923,0.1756822357456715,0
0.06817286678169382,1.0,0.0,0.057726176756539876,0.0,0.0,0.03775386997186275,0.8746651205003291,0.0849144233148581,0.10534320220950694,0.0,0.038048969129838794,2
0.01303308605973666,0.0,0.0,0.0,0.021849426134730898,0.02675887036671809,0.0,0.0,0.14143579060873462,0.0,0.0,0.0,1
0.886504491121675,1.0,0.9125678769353354,0.9908076265723629,0.8920683120372707,0.0,0.910817751441657,0.8494862437941914,0.8269779833380039,1.0,1.0,0.0,0
0.06552133899038642,1.0,0.9831751616353221,0.011576342944446955,0.0,0.0,0.01006361398301081,1.0,1.0,0.007214044952200294,0.04870046558731031,0.0,4
0.9440927871390126,0.02377906821416298,0.11421542936835882,0.0,0.0,0.0,1.0,0.0,0.0,0.15475417048302714,0.0,0.0,3
0.9163767822425125,0.005467340046253905,0.1056294692406424,0.0,0.06111829583701536,0.1133566642232198,1.0,0.0,0.0,0.11622454250015718,0.11317109461584418,0.0,3
0.9485384506475579,1.0,0.9978880468610138,0.909432981256953,1.0,0.0,0.9450731061058832,0.8433780681937857,1.0,1.0,1.0,0.07625127744259658,0
0.0,1.0,0.0,0.011300963431767896,0.056129440658585716,0.10180182294370785,0.07311269894690248,1.0,0.0,0.17318017531540025,0.16196680180614037,0.03533314634966983,2
0.0,0.9898046308030279,0.9239467828246173,0.0,0.03744558711251275,0.0,0.0,1.0,1.0,0.0,0.10492910269333677,0.1758875699477992,4
0.030284450826356973,0.8957896621855991,0.04261546979389777,0.014221932385331038,0.0,0.0,0.0,1.0,0.13677774029430634,0.0429229995344583,0.0,0.15753054680883433,2
1.0,0.8989424814533122,1.0,1.0,1.0,0.0,0.9465569141579171,0.8352478586260467,1.0,0.9469213517110536,1.0,0.0,0
0.0,0.897566918084979,0.046676571385184634,0.059936673871107016,0.0,0.059029784916654504,0.08952337002104815,0.994513325438563,0.0,0.017434274528385196,0.0,0.16200663266763476,2
0.9539820039832321,1.0,1.0,1.0,1.0,0.0,0.8756392017995936,1.0,1.0,1.0,1.0,0.1373098336787968,0
0.01101960436496452,1.0,1.0,0.07314392372692477,0.0,0.11406139537412449,0.1413083513976902,0.8525065126854001,0.9425025973603636,0.0,0.0,0.0575663773547723,4
0.0,0.9276575123693456,0.09020734743245545,0.10819986197287956,0.08571763108363792,0.05986703434143495,0.0,0.956904482745897,0.030203624103201016,0.049577265721062996,0.0,0.056498747941558625,2
0.0,0.0020970633433552155,0.0,0.09381468533838572,0.02056257643532064,0.02005137383581021,0.06368706579469052,0.139452371286726,0.0,0.06527244413852995,0.0650301873975749,0.0,1
1.0,0.0,0.09097857879094093,0.0,0.0,0.0,0.9393695370127177,0.1399753621919515,0.0,0.133930150359591,0.14888769616749548,0.0,3
0.0,1.0,1.0,0.02755420842307535,0.05783869817007828,0.09157409042929274,0.0,1.0,0.9051237008185264,0.0,0.05519508012331442,0.07288929005782707,4
0.11378599576591719,0.9247981582086624,0.967751991748888,0.0,0.00759090048524777,0.0,0.12040337928909034,1.0,1.0,0.0,0.0,0.07875647020449805,4
0.03223332989992206,1.0,0.07604328711423555,0.0,0.0,0.019599311881900977,0.14478053161831556,0.8537287823747547,0.0,0.0,0.13044678169041724,0.0,2
0.11279426993241068,0.9775327931573439,0.004966007570539763,0.0,0.0,0.0798025986980207,0.0,1.0,0.0,0.0,0.0,0.162855677223334,2
0.0,0.9411921690595288,0.0,0.09687838404772167,0.0,0.0,0.17832933685126262,1.0,0.0,0.0,0.05663449908195137,0.11538295495594947,2
0.9991251312083422,0.9298465562251876,1.0,0.9593448678872083,0.8806571197737743,0.04119195179164917,1.0,0.8564645722934646,0.9121211569902393,0.9032177031370285,1.0,0.0,0
0.029414478716961984,0.0,0.0,0.08529865354056756,0.010440278305032052,0.0,0.03603675754641211,0.0,0.017042979449932688,0.04311577399305069,0.020717513376799945,0.11709090169332576,1
0.0,0.0,0.0,0.0,0.0,0.0,0.16758937181609806,0.0,0.0,0.0,0.0819980699156656,0.05832811721111028,1
0.0,1.0,0.0,0.08632976337041695,0.0,0.0,0.0,0.8940437217914505,0.0,0.07548178106043751,0.0,0.03733540152782869,2
0.9434277400233869,0.02180492509542198,0.014685712865038836,0.07058570846481757,0.0,0.0,1.0,0.0,0.16462496054160014,0.13097710673273594,0.0034864029727216805,0.17627286513781376,3
0.0,1.0,0.99075302422044,0.08603320311334545,0.08743659560007877,0.0069036031490185,0.01993580533840783,0.9748878823929045,1.0,0.15217123543112776,0.03941421984601254,0.15997746009202568,4
0.08912570700358671,0.9163321437013332,1.0,0.0,0.0,0.010960805002608986,0.14075847020631477,1.0,1.0,0.016978488484846815,0.1683622817968996,0.0,4
0.09069259908191077,0.0,0.0,0.0,0.01240123827844733,0.0,0.13908089954840241,0.0,0.0,0.0,0.002584192062806606,0.0,1
0.9220232281208693,0.09918797059947884,0.05388440164893182,0.0,0.061585525649138634,0.0,1.0,0.0,0.0,0.0,0.0,0.0,3
0.0,0.9481881916657551,1.0,0.045823306834479605,0.013965028925175704,0.0,0.05082368570072163,0.8854210903154757,1.0,0.138516289127684,0.15344175451835768,0.07272397123482405,4
0.11474294666567258,0.9817168616493506,0.0,0.0,0.0,0.0,0.0,0.910147409505958,0.0,0.0,0.0,0.0,2
1.0,0.01183887233317421,0.0,0.0,0.05369500905121008,0.0,0.9363817001444747,0.0,0.0,0.0,0.15960167570355066,0.10930393664468363,3
0.0,0.9307053086053386,0.9126429831000199,0.08342839634034047,0.0,0.0,0.0,1.0,1.0,0.11405775059771278,0.0,0.06798502992283048,4
0.038424089599047556,0.08742774565438882,0.0,0.08817850628507548,0.03585867474053481,0.0,0.0,0.00023429623279638823,0.0,0.15348599028951604,0.0,0.0,1
0.0,0.8823835621373208,0.06793736975272766,0.023310873267459814,0.0,0.04031099720923187,0.0,0.8741822606529326,0.0,0.0,0.13114848549594593,0.0,2
0.036671272060633114,0.9700891937777695,0.04603076396792641,0.07087805033457734,0.038044524353047254,0.06665539466799575,0.0,0.9961186387457501,0.06076519554147303,0.0035094592047975603,0.0,0.02627348717634201,2
1.0,0.9176625695924179,1.0,1.0,1.0,0.0,0.9651797176462202,0.9045999999968634,0.9852740541093646,1.0,0.9813154908395346,0.1283721207040862,0
0.0,0.09140333950941801,0.05658258843227015,0.0,0.10687733514905709,0.04191671198127958,0.021164564890820636,0.0,0.07536136894291029,0.0,0.17325058401059124,0.0,1
1.0,0.11347326897634186,5.15853906498942e-05,0.0,0.02496163100816387,0.0,1.0,0.13214257707533467,0.17839243806358662,0.13038082941408163,0.0,0.0,3
0.934370331168133,0.9130156847624991,0.8985196202322103,1.0,0.9042737832802946,0.06500993288714424,0.9556191534961089,0.8784089963518422,1.0,1.0,1.0,0.0,0
0.07744985417723882,0.0,0.0,0.09365921466391186,0.09981379229816051,0.031524648637505204,0.15857835126674968,0.0,0.0,0.12281884789302938,0.07825896644630848,0.13563404180613625,1
1.0,0.05677091135511242,0.0011954735638726177,0.007408583862823559,0.0935007289565834,0.1184714566299101,1.0,0.0169643451606451,0.013965210906002223,0.0920784879052422,0.0,0.0,3
0.047393031737656494,0.09304197516172719,0.06757514235155046,0.0,0.0,0.0,0.0,0.0,0.018642906490049238,0.007680911441558552,0.09253667674099492,0.0,1
0.9253427412724338,0.10418927953507456,0.1026733705313008,0.0,0.11780490079637321,0.02006006566493196,1.0,0.0,0.0,0.0,0.0,0.0,3
0.0,0.0012054547749670574,0.0,0.0,0.061162851002827756,0.0,0.0,0.0,0.0,0.12686057259005235,0.1060586446940266,0.0,1
0.018180059316426245,0.9819794643319634,1.0,0.0,0.0,0.0,0.0358884223582962,1.0,1.0,0.1343278067830621,0.07730451842141611,0.0,4
0.93429814726784,0.9444548783855079,0.8947934487184238,1.0,1.0,0.0,1.0,0.9707075469764022,1.0,1.0,0.9909367797238912,0.1373953929903442,0
1.0,0.0,0.02494124024276309,0.10969502677535228,0.09775365508005984,0.05298825355859921,0.8209854304615781,0.0,0.11675665489538511,0.000387681667631562,0.0,0.0,3
0.0,1.0,0.0,0.11434524642900254,0.05698357345109381,0.0,0.0,1.0,0.13110005002372754,0.1779325417603856,0.0,0.1154193898625464,2
0.0,1.0,1.0,0.0,0.0,0.0,0.08533662325249075,0.8885525386116051,0.8426496112753924,0.0,0.0,0.12282013619134752,4
1.0,1.0,0.9171512380657754,0.9512098781186954,1.0,0.0190032697959015,0.876675782058214,1.0,0.8488401274866113,0.8868969859530603,1.0,0.06307651929747246,0
0.0998735696750315,0.951781795980043,0.9007700193684556,0.0,0.08177363078321653,0.11834820975529456,0.15206213749848924,1.0,1.0,0.0,0.008205388646298578,0.0,4
0.08834235803991372,1.0,0.0,0.029880224645713854,0.0,0.0,0.0,0.8568359649599602,0.10687841317083246,0.03143414223297569,0.09577956332162574,0.0,2
1.0,0.0,0.09487819505390485,0.06055246340773229,0.0,0.1005211953126745,1.0,0.0,0.0,0.0,0.0,0.015107188511496311,3
0.10877504663223594,0.9636528111244742,0.012359307381971801,0.0,0.05884666945161532,0.0,0.0,0.961417332865611,0.030113371949904877,0.09592159220224916,0.0,0.10587582941427415,2
0.0,0.9224548385490541,0.0227740344333478,0.010263090913074313,0.0,0.0828219860665898,0.1783307596411054,1.0,0.0,0.053864851041984074,0.041853733775755964,0.0,2
0.038852520938310736,0.9886338198517981,0.0,0.10246265271360444,0.0,0.0,0.053503829372734624,1.0,0.0,0.0,0.0,0.033857699478665376,2
0.076009682748848,1.0,0.023986961813219104,0.0,0.11019854230675835,0.11827898996475877,0.028027301687574946,0.8663933671875373,0.049058456872017736,0.17184802846700376,0.0,0.1455016940424217,2
0.02652911727131646,0.0,0.0,0.0,0.10807153538707706,0.03052599697080302,0.0,0.0,0.09400616612465351,0.014300217499693263,0.0,0.09731926191990914,1
0.8859487268555652,1.0,0.9597245123071428,1.0,1.0,0.08737536681006705,0.9000761383164392,1.0,0.9857091644844191,0.9298687122418963,1.0,0.0,0
0.0,0.9147281887820029,0.10629357808260359,0.08093199709457916,0.0,0.0,0.0,1.0,0.0,0.17886549759776094,0.0743480164306603,0.0,2
0.10484315982757575,1.0,0.9535238793636183,0.0,0.0,0.06250027727919985,0.0,1.0,0.9062304851776112,0.0,0.17310146644283975,0.0,4
0.0,0.04566679893710884,0.0,0.011427013296922417,0.04147244633759764,0.07960547995797149,0.0,0.0,0.0,0.1578619683823726,0.05637798668316085,0.120765289351768,1
0.0,1.0,0.9615800175741636,0.09419126635047947,0.01709043583384981,0.06780404082475541,0.0,1.0,0.953030679918169,0.10761478651759893,0.13531883252601135,0.10198047851838321,4
0.09872062239086835,0.07730617541759188,0.0,0.07267601700199053,0.0,0.0,0.013670939147130357,0.0,0.0,0.061320645411500396,0.09848961589293959,0.13138230805654721,1
0.03181998828174332,0.0,0.02980022140929317,0.0,0.0,0.04136969113231609,0.0,0.0,0.0,0.02542974993111574,0.0601766056987979,0.0,1
0.04047797995127342,0.9288495064376101,0.07440212334495053,0.09438984275800516,0.0,0.0,0.0,1.0,0.025333224966580137,0.0,0.0,0.0426523909264212,2
1.0,0.8815597023227346,1.0,1.0,0.9616601239643181,0.0,1.0,1.0,1.0,1.0,0.9562723757950072,0.018734627258361725,0
1.0,0.972319033298489,1.0,1.0,1.0,0.0,1.0,0.9276087285839527,1.0,1.0,1.0,0.15678434788651285,0
0.9335003474551156,0.9890703958248602,1.0,1.0,0.9935520834624614,0.03772012954347351,1.0,0.9251140829709813,1.0,1.0,0.8364801195478123,0.0,0
0.02438405129727922,0.0,0.0,0.01722354106233817,0.0,0.0,0.03226472788924359,0.0,0.14193105421855318,0.140060594246191,0.0,0.11488502492217506,1
0.9403190178424258,0.013381770851826957,0.0,0.10153251659892884,0.0271481441151826,0.11022618067291043,1.0,0.0,0.10307262582629534,0.052590464881385385,0.0,0.0,3
1.0,0.07110513619546116,0.0,0.047916918340606296,0.0009036604492864558,0.07916584386193473,0.8615073468247856,0.056999585235125716,0.0,0.0,0.03125547406283574,0.0,3
0.05228455995433917,0.8899429200265011,1.0,0.0,0.0,0.0,0.10549698989207656,0.9030912838620319,1.0,0.0,0.0,0.14511361129911537,4
0.018170258331248218,1.0,1.0,0.10033234481065031,0.06528885524129818,0.05538721759730311,0.1700914025927438,0.9876457710536889,1.0,0.0,0.06777262868266135,0.0,4
0.9732262852135607,0.0,0.0,0.0,0.05359385048735754,0.0,1.0,0.017353985834702296,0.09503156874439261,0.0,0.05184001736703242,0.0,3
0.004746807168712272,0.0,0.0,0.04340895778082082,0.012866502774142669,0.0,0.07210622299773772,0.0,0.0,0.015993104761611532,0.10380296843161796,0.054733351462869145,1
1.0,0.9517098668605568,0.9159830311249976,1.0,1.0,0.07330315743204716,1.0,0.913393458176316,0.970683646989283,0.959778971561965,0.8327148417375128,0.07490482537531362,0
0.0,0.0,0.0,0.07349924776080016,0.10647428167387457,0.0,0.05092767159896158,0.1449040073666022,0.0,0.04737872237575755,0.07681302612770702,0.0577301874406099,1
0.992677701285414,1.0,1.0,0.9689691811435021,0.9793432409388699,0.01500593459144503,0.8748681076662916,0.9387515029520296,0.9567423189068155,1.0,0.9997485336529561,0.05565886780356788,0
0.9797036786500964,1.0,0.899782674861915,1.0,1.0,0.0,1.0,1.0,1.0,0.8438014301036374,1.0,0.08278501587535492,0
1.0,0.8803508897285387,1.0,1.0,1.0,0.0,0.8534895898089118,1.0,1.0,1.0,1.0,0.0,0
0.0030391464937718077,0.0,0.056115491386975025,0.0,0.11053951259451003,0.07157357328167785,0.0,0.0,0.0,0.0,0.17653133858018483,0.11120248068464417,1
0.016598024599528638,0.0,0.0,0.03447456708482624,0.0,0.0,0.1315855838627384,0.0,0.12684449996769565,0.0,0.1006173162524599,0.0,1
0.9553397548140063,1.0,1.0,0.9520773443707033,0.9542283189300768,0.0,1.0,1.0,0.9283419548436035,1.0,0.8201461382910236,0.0,0
0.0,0.9884172741262144,1.0,0.07968010086110014,0.0,0.008203636601476577,0.0,1.0,1.0,0.13614533407216606,0.14193584334424547,0.0320375075418341,4
1.0,1.0,0.9622558814218144,1.0,0.9662202127279917,0.0,1.0,1.0,0.880834507080453,0.9519729225039455,1.0,0.0,0
1.0,0.10010658384826651,0.0,0.008469828853540196,0.0,0.0,1.0,0.037873734353207594,0.05796317728529707,0.02663571990591468,0.0,0.0,3
0.0,1.0,0.0,0.0,0.0,0.06423441942478672,0.1368816404608882,0.9502772175422939,0.0,0.0020316394233685364,0.1492687843026736,0.055198773848232796,2
0.0,0.013178725511598849,0.0,0.0,0.0,0.04931870591306045,0.0,0.0,0.0,0.0,0.01820743725485449,0.07094066714080571,1
0.9592340173124754,0.0,0.019887240676306095,0.1171643204203493,0.027447202206039023,0.07714314744928677,1.0,0.009391497565850532,0.11944879785616175,0.0,0.0,0.03822038372503486,3
0.9777607117700343,0.03049025588944984,0.07004118751787863,0.0,0.09077624991639574,0.1029716178122933,0.9281017026375588,0.05473969062253309,0.0,0.0,0.14557695484640404,0.0,3
0.0,0.0,0.0,0.0,0.0,0.0,0.0,0.019694682021128562,0.10267710719410839,0.0,0.0,0.0,1
0.02894729371803692,1.0,0.05785021446452848,0.0,0.07709640841627194,0.0,0.0,0.853661123258007,0.0,0.05129441375018409,0.1440455455674552,0.0,2
0.054289306555074246,0.9741050879572558,1.0,0.040866279477265455,0.08350377108538573,0.03950002247462611,0.10444197512530462,0.9724682056940904,0.9476596158279023,0.0,0.14385131536919832,0.0512376520732056,4
1.0,1.0,0.9753166095933088,0.904554904712464,1.0,0.03896530860630054,0.8429813394029596,1.0,1.0,1.0,0.9140128868535389,0.07599375920584506,0
1.0,1.0,0.8869475582368446,0.926263227239574,1.0,0.0808744026260868,1.0,1.0,0.864594229200652,0.8310027492575177,0.9540880341527106,0.033855693642774465,0
0.05350897221150058,1.0,1.0,0.0014046212694924648,0.0,0.0,0.0,1.0,0.9666092549163131,0.08897231441309478,0.11864990660593616,0.046972064730908814,4
0.0,1.0,0.1001904844514396,0.10139777969767724,0.06437199610432576,0.0,0.0,0.8337816419916544,0.0,0.0,0.050477897501358726,0.0,2
0.9799179120211468,0.9158122258780392,0.9703504452417117,1.0,0.9936445168989327,0.0838418237424097,1.0,0.868273390381268,0.9074290657922509,0.8932012239016196,1.0,0.15200139762404002,0
0.0,0.10179159371994115,0.05083492136356235,0.0,0.11356946142082094,0.08143960244913903,0.0,0.0,0.0,0.02249540727263971,0.0,0.0,1
1.0,0.1045291641467116,0.0,0.0004974267147182382,0.0,0.0473114518494307,0.9967956404582464,0.14481422813699646,0.0,0.0,0.0,0.0,3
0.9239364056830228,1.0,0.9605517911692285,0.9014319572846654,0.9652680150687598,0.05861038304227392,0.9893931643614449,1.0,1.0,1.0,0.8456376654654674,0.14019338212933963,0
0.05120062777429005,0.050028759998007294,0.05666498529409636,0.0,0.0,0.0,0.03536354374471115,0.08936706253548754,0.0,0.0,0.04307683570040435,0.0,1
0.9134636863260245,0.0,0.11754291213199583,0.031726328997702447,0.0,0.0,0.9608649919183833,0.0,0.0,0.0,0.0,0.0,3
0.09783735411530264,0.022855488614299202,0.0,0.05538944686950653,0.018308087077521268,0.0,0.13312314508363915,0.0,0.05500050593772632,0.036828588353955305,0.0,0.09987070253185704,1
1.0,0.0694258191339816,0.03599919890810643,0.0,0.0,0.09904860133880955,0.8929107943987974,0.05912787088619609,0.0,0.0,0.0,0.0,3
0.9019262070830651,0.0,0.07936617121243505,0.0,0.09675206088879512,0.005413848107029523,1.0,0.0,0.04820605267807568,0.0,0.0,0.0,3
1.0,0.10663223391697985,0.003921707893916132,0.10573083877175213,0.0,0.0810520017165943,0.9796235935093689,0.0,0.0,0.001967699135322465,0.0,0.08885823416087513,3
0.8948219314136041,1.0,1.0,1.0,0.9159645715317795,0.0,1.0,0.9832356280647215,1.0,0.9844474512562753,0.840785241135709,0.0,0
0.0,0.09033360310313704,0.10674171716215439,0.09224194330642918,0.0,0.1075462121182145,0.0724540155132049,0.0,0.0,0.0,0.0,0.0,1
1.0,0.9003765802039575,0.9029384812809725,0.9120433240602297,1.0,0.0,1.0,1.0,1.0,0.9345007789357962,0.9179041138596836,0.0,0
0.972835723773133,0.07710600342867144,0.0,0.11004305891099642,0.0,0.0,1.0,0.10927809246249215,0.0,0.0,0.026885595489363007,0.0,3
0.0,0.020838364115995073,0.0,0.0,0.0,0.03207883141396525,0.0,0.11958373617236229,0.0,0.0,0.06253125004145296,0.11558688821731083,1
0.9768915373449913,0.0,0.10971699157621018,0.0,0.0957061605742216,0.0,1.0,0.04590696080724302,0.17188262842743102,0.0,0.1651037461090476,0.0,3
0.9926552667833224,0.9857125115526425,0.9242472808936196,0.8923304121240587,1.0,0.0,1.0,0.9293807842632019,1.0,0.8626425623961262,1.0,0.0382743544474666,0
0.9552339217887823,0.1197833825557876,0.0,0.020934990353380922,0.0,0.0,1.0,0.0,0.0,0.0901987500399582,0.0,0.0,3
0.0,0.07184928153882414,0.08688346272663566,0.0,0.0,0.0,0.0,0.0495268799381105,0.0,0.08436999993815936,0.0,0.05121399503337126,1
0.06027190299078261,1.0,0.0,0.07984322266034025,0.04317685058398596,0.09023436329537005,0.0,1.0,0.007740376114261871,0.17205346213568967,0.0,0.0,2
1.0,0.9508553809319846,1.0,1.0,0.9458752912427747,0.015822964069367756,0.92302989452531,1.0,1.0,0.9468355441007139,1.0,0.043520818726909494,0
0.0,0.97722032520463,1.0,0.0,0.07017696264170734,0.0,0.0,0.8773181738781042,1.0,0.06434896464975365,0.05743985304068461,0.0,4
0.9716493842057705,1.0,1.0,1.0,1.0,0.0,1.0,0.9226226850613582,1.0,0.9182048678528884,1.0,0.0,0
1.0,0.08968924897993336,0.05724962086982993,0.005756265251435272,0.0,0.0,0.8462668533403609,0.0,0.0,0.05055161104117434,0.0,0.1519510818819399,3
0.0,1.0,0.9116846002958509,0.0,0.0,0.0,0.0,1.0,1.0,0.0,0.08966670590701098,0.011118934441664174,4
0.9097736432021075,0.0,0.0,0.0780548618670916,0.06085868559769131,0.0,0.8549652534634564,0.051132805718017954,0.0,0.1437103120630222,0.0,0.0,3
0.1053970211332686,1.0,0.0005940050782657358,0.04436062298826535,0.0,0.0,0.13652618092853652,0.9856736416114149,0.027407790825296346,0.08542465592024445,0.0,0.137157866439242,2
0.0,1.0,0.0,0.0,0.0,0.04426593215474933,0.0,0.9126802269056629,0.06421961504351437,0.12869651068588073,0.0,0.07859494698125052,2
0.0920091552337389,0.9436747761267366,1.0,0.025579191704093507,0.10553445283057905,0.09235810065079095,0.07378304210503028,0.9539894393104705,1.0,0.0,0.04947376782146279,0.0,4
0.10792188008150311,0.10357335005747104,0.0,0.09229556695863386,0.0,0.0,0.0,0.0,0.0,0.16917245133844788,0.0,0.0,1
0.9799228992888455,0.0,0.0,0.0,0.03131016846408591,0.044173816356325474,1.0,0.0,0.1693550539796672,0.0,0.0,0.0,3
0.03260427274220057,0.015356276813108971,0.005630353045081776,0.03348677969059488,0.0,0.0,0.0,0.1135367240979197,0.12526073581776143,0.0,0.0,0.0,1
1.0,0.9791794169918372,0.9250198099346865,0.966827046196402,1.0,0.030098098114802158,0.8637133900105431,1.0,1.0,0.9061470864379542,0.8770161389698836,0.01830204252096118,0
0.10032827590855423,0.8893888586832104,0.03474615994025282,0.0,0.0,0.07260318770720756,0.04043543291796889,0.9615978970187885,0.07072449799051922,0.0,0.12552203260954442,0.1681749100071926,2
0.0,0.9016337423944653,0.0,0.05518872721201787,0.10676806764656355,0.0,0.0,1.0,0.08308705187674026,0.0,0.00540413533630868,0.17926359328358393,2
0.061280441603256464,0.9742382373677537,0.0,0.0,0.07379544632970483,0.08997860941530753,0.0,0.9246076926854225,0.0,0.0,0.0,0.0865702582185141,2
0.9617422591540254,1.0,1.0,0.9752087318341502,1.0,0.0,1.0,1.0,0.8508498823492249,1.0,1.0,0.07671907176421883,0
0.030065293776907726,1.0,0.9348732312952345,0.03899648656639046,0.0,0.0,0.008964226165400102,0.8594942458255145,0.9717256652609834,0.16325507360965802,0.0,0.03687964898194718,4
0.9167237120344481,0.9195176991736298,0.9574385802770934,1.0,0.9630455397620495,0.10581697318356834,0.9290168581991953,1.0,1.0,0.8807089246291745,1.0,0.0,0
1.0,1.0,1.0,1.0,0.9091269892188296,0.0,1.0,1.0,0.8510375733946958,0.9313446583102464,1.0,0.07879307756065901,0
1.0,1.0,1.0,0.963501912984821,1.0,0.028167043040741996,0.8624301949581964,0.9299368009127796,0.8858960265993341,1.0,1.0,0.0,0
0.8822241204352239,1.0,0.9057521657856491,1.0,0.9482947965640112,0.11738387282129359,0.8605528339672557,0.8784979345143059,0.98520920957165,0.9126153568826268,0.8870316648861044,0.08518244237721251,0
0.9914265657366756,0.9039541396138282,0.9219284341468938,0.8894666847924865,0.9497361225370431,0.07238306464570737,1.0,0.8813844194882952,0.9487098655255879,0.9775772260414965,1.0,0.1362511934630905,0
0.9897072679927477,0.9066058948696036,1.0,1.0,0.8839444845294147,0.0036901752502574575,1.0,0.8508210237954142,1.0,0.8443645562471846,1.0,0.0026379707687231857,0
0.0024803401621290716,0.8913675232878365,0.9958210830861871,0.0,0.06025803345400277,0.08549149194419048,0.1044379746553073,0.8325529152252821,0.8914800675511412,0.098314086184283,0.0,0.12070838772188763,4
0.04682435866523271,1.0,0.11664468526267496,0.0,0.009170276839596647,0.0,0.16467225408788677,1.0,0.0,0.0,0.0,0.04403258734885904,2
0.05241463746355754,0.8934007694473359,1.0,0.0,0.06487677358012989,0.0,0.15845280521436694,1.0,1.0,0.0,0.0,0.0,4
0.9164254210125518,0.0,0.0,0.0,0.0,0.0,1.0,0.0,0.1029242555180972,0.07610496838436248,0.0,0.12723599828811477,3
0.0775663378517274,0.898944019114793,1.0,0.0059078197012206735,0.07936632896343829,0.04787454102113775,0.0,1.0,1.0,0.10623722197065227,0.0,0.03186514329042525,4
0.028570502500528366,0.932537539110704,0.0,0.059038976984001484,0.014230629095584257,0.08201111747719508,0.10920213381746502,1.0,0.0,0.0,0.0,0.03714846015249945,2
0.007598652336593403,0.0,0.006286085230487293,0.0,0.030078012849396485,0.0,0.059487247718475716,0.13781664697436136,0.0,0.0,0.0,0.0,1
0.9046971796052488,1.0,1.0,0.9348170615567802,1.0,0.0,1.0,1.0,1.0,1.0,0.9709729495706074,0.0,0
1.0,0.0,0.06257045786722931,0.0,0.09980398027674017,0.0,1.0,0.0,0.14974663545911926,0.0,0.0,0.007382869005504278,3
0.924522444454647,0.0,0.014319979619543122,0.0,0.0,0.0,1.0,0.0,0.13693847218249905,0.0,0.151463396904792,0.1298108468423791,3
0.011155865201380039,0.9180131844074998,0.0580072389623541,0.10237996301935962,0.0,0.0,0.0,0.8991140001270129,0.08198780364525776,0.15834531728602114,0.0,0.0,2
0.10179313941481988,0.0,0.04121941282793648,0.0,0.0,0.0,0.0,0.0,0.0,0.11454189124745318,0.0,0.0,1
1.0,0.05037641873640167,0.052529000900693845,0.0,0.0,0.041098214278153966,1.0,0.12851935771647105,0.02121998267451461,0.07306089651487724,0.10510695817580457,0.07760495651844412,3
0.0,0.07621269413400844,0.07122186560687058,0.0,0.03586833906934975,0.0701834254898753,0.0,0.0,0.11300965376095135,0.03274927165518293,0.10235303158219067,0.0,1
0.0,1.0,0.0,0.07645202412235463,0.03779168708446362,0.0,0.0,1.0,0.0,0.07115497326812048,0.0,0.0,2
0.0,1.0,1.0,0.03134927446075769,0.08395431750640026,0.0,0.0,0.9496381902816506,1.0,0.0,0.0,0.0,4
0.0,1.0,0.04967232156877571,0.0,0.0,0.07706963295656935,0.02365453721570368,1.0,0.02345048415057646,0.0,0.0,0.0,2
0.014244677576694537,0.0,0.028488973155917502,0.018445339961555896,0.0,0.016858651974953037,0.0,0.10323253656990672,0.0,0.07402237282701041,0.13955609834670263,0.0,1
0.030422033178594682,0.005344700576033645,0.0,0.0,0.0,0.04447359281575097,0.0,0.11653585361939706,0.052575355304854715,0.0,0.036443617083182445,0.0,1
1.0,0.05258810566947686,0.012571835862821512,0.0,0.0,0.0992057641444341,1.0,0.11024159546451873,0.0,0.0,0.0,0.0,3
0.0,0.9229613440034254,0.05943083881516173,0.0,0.0,0.006240622749725477,0.0384387890867145,0.832070148833085,0.0,0.0,0.0,0.07037966708492643,2
0.9635106535107161,0.9599940144796221,1.0,1.0,0.9591528792589517,0.046481681756023796,0.9363785630593581,1.0,0.9655030205202684,1.0,1.0,0.05675773913392643,0
0.9891260957925117,0.0,0.1103810525003581,0.0,0.0651263184330069,0.0,0.9904770226503048,0.0,0.01260869972286588,0.0,0.10277810055302261,0.17306442285078344,3
0.0,0.035052294349952384,0.0,0.02240574121330141,0.047247259372769995,0.08205788889253504,0.0,0.16946065741578237,0.0971099053649972,0.0,0.0,0.0,1
1.0,0.8946349765438822,0.9471462369853532,0.9129366441116955,0.9278698735999809,0.0923166038939916,0.9492803595415233,1.0,0.994484614758583,1.0,1.0,0.0,0
1.0,0.8811312403417585,0.94564668692836,1.0,0.9204653815798979,0.06347609667498191,1.0,0.9579939112192458,0.8335811146509777,0.8917891304421222,0.9543165059538535,0.0,0
0.09864641737093696,1.0,0.8911939220279462,0.06316610925668437,0.04806383077581508,0.07566986230462905,0.05698270704053393,0.8364269022128876,0.8291142077109139,0.0,0.1282805505817431,0.0,4
0.0,1.0,0.030585122149838467,0.0332127767529449,0.019045098186026288,0.0,0.0,0.9501030344410157,0.12179371800176858,0.0,0.0,0.0,2
0.09849336449144708,0.0,0.0,0.0,0.0,0.0,0.03167612409595488,0.17487532134313255,0.0,0.0,0.026113912129262368,0.11099756461239679,1
0.9799015836403157,1.0,0.945101909922356,0.8986928967920589,0.9694739600170867,0.0004898262142998683,0.987433904050079,0.9216304734235249,1.0,0.9378283318214028,1.0,0.0,0
1.0,0.0029428005936283363,0.0,0.0,0.0,0.001010774147059107,1.0,0.1707219132854389,0.10101175576776694,0.011434477396015885,0.10749275166437122,0.12466776301365301,3
0.0,1.0,0.0,0.0,0.01211896367955767,0.0,0.07823731483723534,1.0,0.0,0.0,0.1552796377456182,0.001392993962158695,2
1.0,0.0,0.027851781940639864,0.0,0.05953665775835937,0.04389148144226493,1.0,0.0,0.0,0.04935355710351669,0.0,0.16825320228817042,3
1.0,1.0,0.9113716570105547,1.0,0.9693375385158395,0.03127141166491787,1.0,0.979635276580956,0.8663649576389216,1.0,1.0,0.0,0
0.0,0.8943924671520935,1.0,0.1150629249874063,0.0,0.0,0.0,1.0,1.0,0.0,0.10281365247827423,0.0,4
0.08189725473705059,1.0,1.0,0.0,0.06075430132808615,0.09382193691834098,0.0,0.9291508103105193,0.9232983005074341,0.09470414341956468,0.0,0.05616975108551969,4
0.0,0.1008451510879175,0.04219490997036637,0.039221778796908,0.027318474066180598,0.06341861103252647,0.14291991834958623,0.13275678082483922,0.0,0.17438208576391961,0.14976245868212062,0.0,1
0.0,1.0,0.11234755627167642,0.0,0.018085409834501243,0.08476685199336959,0.0,1.0,0.0,0.0,0.0,0.0,2
0.9052547703679421,0.0,0.0,0.03824864620168472,0.0,0.11374961876061407,0.9719275427976061,0.058032658191618014,0.02857268143525507,0.1564647876193332,0.0,0.14616523092923833,3
0.02168123947825748,0.10829276401889903,0.08087453005946577,0.0,0.0,0.07936781413741106,0.05622219252624619,0.16232254865107476,0.0,0.08335627824020081,0.08435504143294847,0.16466500049033794,1
0.07366104579009508,0.025645157075699254,0.0,0.0,0.08687384057137151,0.0,0.0,0.0,0.0,0.0,0.0,0.0,1
0.0,1.0,1.0,0.06045546361765708,0.0,0.10719237974936521,0.0,0.8793905272594875,0.9965978187438151,0.0,0.0,0.03669916387373495,4
0.0060553276086935115,0.09018791324635603,0.06886076695652954,0.00495578189369969,0.0,0.07848242439824396,0.00580560591412746,0.04703347911337935,0.0,0.0,0.0,0.0,1
1.0,0.9413894017420703,1.0,0.891660870779617,1.0,0.038872779801094715,0.9907826817979855,0.8751257553247971,1.0,1.0,0.9284019237124452,0.05819924739265994,0
0.9405584331018374,0.0,0.0,0.07660064224636018,0.010259639502588846,0.0,0.8331804462615897,0.08592491017756793,0.0,0.0,0.0,0.0816434655492898,3
0.0,0.8947060382276677,0.987872082994506,0.028475091101852118,0.0,0.05417852266831619,0.06765016632360571,1.0,0.8772647935937554,0.0,0.0,0.0,4
0.8957342739589891,0.0,0.0,0.10207088088160135,0.0,0.033091914094017016,0.935205709903772,0.010943827106619092,0.0,0.0,0.0394296076573811,0.025563033535178026,3
1.0,0.9808868653317587,1.0,0.9717951085243293,1.0,0.09762415476589742,0.8842505064414802,1.0,1.0,1.0,0.9001684777478559,0.0,0
0.08564031278094822,1.0,1.0,0.0,0.08140473028481299,0.0736985793459993,0.0,1.0,0.8282658412784946,0.02084707655215201,0.0,0.05048620941026505,4
0.07202521419938246,0.08702103877921635,0.0,0.049232733068424156,0.005713316040449223,0.0,0.02064250731368475,0.16149656309931415,0.0,0.0,0.1366697237818555,0.08174863197366894,1
0.03391503666964127,0.02002354596811623,0.0,0.10455961841421446,0.0,0.0,0.0,0.03782801586508827,0.15962477907670392,0.14704090207841913,0.0,0.0,1
0.08910939112851951,1.0,0.04071465592337856,0.0,0.07933178196026494,0.0,0.0,1.0,0.0,0.07080843088956351,0.0,0.06944451723481768,2
1.0,0.0,0.0,0.0,0.0,0.0,0.8873372994773229,0.0,0.17711294861121174,0.0,0.04870689288507804,0.03323095311834676,3
0.9137765965117481,0.0,0.015499019639385853,0.0,0.0,0.046816850548647676,0.9693554933098723,0.0,0.0,0.15706497122865826,0.16750806789470446,0.0871080014958257,3
0.0,0.9099267238680008,1.0,0.09791532201486158,0.0,0.0,0.0,1.0,1.0,0.0,0.0,0.0,4
0.0,0.8849718197167554,0.07837493958512315,0.06322698145601235,0.03467570710422588,0.0,0.16474236879496162,0.8582820200566446,0.08500734369882884,0.0,0.07468407176872688,0.0,2
0.9524670015259875,1.0,0.8827445762066003,1.0,1.0,0.0,0.9319520614184778,0.8622696685041195,1.0,0.9262135360562489,1.0,0.0,0
0.0,1.0,1.0,0.0,0.0,0.022963293319754913,0.03255477888397723,1.0,1.0,0.0,0.14537218408053526,0.0,4
0.0,0.9225103557077841,0.8801560078137556,0.0,0.0,0.0,0.0,1.0,1.0,0.0,0.0,0.0,4
0.0,0.9852572965436214,0.08144579071883565,0.0,0.0,0.0,0.08781263529685779,1.0,0.0,0.0,0.0,0.05948744232844061,2
0.025469722863111444,0.9948883277015379,0.0,0.0,0.0,0.010475086937894146,0.1589137155718811,1.0,0.0,0.0553117934459007,0.009663907598497362,0.0,2
1.0,0.10625955665115733,0.11668958257957579,0.0,0.0,0.009214968139897528,1.0,0.06527582266385917,0.0,0.0,0.03945399656198567,0.0763609369963994,3
0.0,0.09532207559260114,0.03766362214790703,0.0,0.0,0.11054536642669718,0.14750474168310163,0.0,0.015204150434121239,0.0,0.0,0.014887377666365387,1
0.0,0.9060732054630065,0.016683602861055385,0.0,0.09473851079579376,0.0,0.0,1.0,0.0,0.0,0.057445161557066804,0.0,2
0.9063218969466817,0.0,0.08096986426738614,0.0,0.0,0.0,0.9424253478020699,0.06589192874793062,0.1243938307285784,0.0,0.0,0.07228080944191517,3
0.06826984615109069,0.8901512621441872,1.0,0.0004406476698478323,0.07387966559465955,0.0,0.049997374419309626,1.0,0.891518961539635,0.03251417605613352,0.06665605666711966,0.11291950933074546,4
0.08563262650370412,1.0,0.0,0.07123698250130989,0.0,0.041534918540068994,0.0,0.8961906956237248,0.09117090746697454,0.0575082368550244,0.0,0.0,2
0.028247820314322908,1.0,1.0,0.0,0.0,0.0,0.0,0.9061918985802693,0.8682320450191167,0.16764975239683716,0.17615660444963016,0.16100449238669795,4
0.031182267876969594,0.08900867379674832,0.0986365849285813,0.0,0.0,0.0,0.12549423301726964,0.0,0.0,0.09685193898060562,0.0,0.11129227765291033,1
0.9677860118573359,1.0,0.8833404772242163,1.0,0.9891486466561299,0.04147881164970085,0.8290088738727337,1.0,1.0,1.0,0.8996921920266364,0.0,0
0.06131614354765,0.0,0.0,0.0,0.0,0.059076130893680634,0.13329998490590123,0.0,0.1538001093792264,0.0,0.064257625890135,0.16623458021053095,1
1.0,0.9987927634879369,1.0,0.9797513044657868,1.0,0.0,0.8805552318771666,0.9846356994184416,1.0,1.0,1.0,0.0,0
0.0,1.0,0.9763967992918119,0.0,0.0,0.06458575303335709,0.0,1.0,1.0,0.0,0.011591030786109124,0.0,4
0.9660038833393711,0.0,0.11456492377104768,0.027324110383323552,0.00714527502127546,0.055291282226813815,1.0,0.0,0.0,0.0,0.1606129701828949,0.02664104023824851,3
0.10622516182882763,1.0,1.0,0.09581152469941062,0.07288939745854944,0.0,0.09143739172546522,0.8785048875245369,0.8394307621117504,0.018431942440200716,0.041415086284550956,0.013195647939189481,4
0.9415979059702515,0.905928304291511,0.8803074777987256,0.9726249035088184,1.0,0.11258443802536444,1.0,1.0,1.0,0.8785563442294558,0.8465353802420947,0.12447449424884172,0
1.0,0.0,0.0,0.07046255881061633,0.001082660794142265,0.0,1.0,0.0,0.11321796617479896,0.0,0.0,0.0,3
0.0,0.9705174356332157,0.11250563661258023,0.0,0.0,0.10215260646969704,0.07216399286670167,1.0,0.018555203509177443,0.03868809994804717,0.14276528758754414,0.0,2
0.9678249646042151,0.9761395890435416,1.0,0.9267172724530526,1.0,0.0,1.0,0.9618053365822986,1.0,0.9420707079829235,1.0,0.09178746202540583,0
0.006993269911420047,1.0,1.0,0.06758142759984473,0.0,0.0,0.0,1.0,0.865541511237768,0.15957648598634577,0.0,0.13722462872084368,4
0.9710994786011232,0.0,0.0,0.0,0.0,0.007430958802316007,1.0,0.13302175856733994,0.15530771396296889,0.03704630774137774,0.12656516101989257,0.0,3
0.10762685264404137,0.9996273336657059,1.0,0.003759203899841662,0.0,0.0633246770876956,0.042866886586286845,0.9262544004720171,0.8815136086033318,0.025711354257665464,0.06101826399648505,0.0829986386798231,4
0.9228953430663704,0.0,0.0,0.06260646766828998,0.05357003899620291,0.0,0.8274584655488186,0.001623508648140315,0.0,0.0,0.0,0.0,3
0.08338361171234276,0.9818736542994714,1.0,0.09658028687702855,0.029082879801139716,0.11614077065794251,0.10577209316202668,1.0,1.0,0.0,0.0,0.13062012612937718,4
0.05470986766311425,1.0,1.0,0.0,0.0,0.018525225819611663,0.0,1.0,1.0,0.0,0.04034886402167154,0.0,4
0.06007031209528138,1.0,1.0,0.0,0.0,0.0,0.0,0.850458469458964,0.9558176078705685,0.0,0.0,0.0,4
0.0,0.9275477451886238,1.0,0.0,0.0,0.0661357076002933,0.10227349138712322,0.9438289833517028,1.0,0.16788967506239777,0.0,0.1415704729373044,4
0.09313932812048675,1.0,0.0,0.027908785683245646,0.09861273735415474,0.05902014256827279,0.11641082167402239,1.0,0.010120110558480888,0.039309699052930996,0.03865447671349892,0.16727305815124244,2
0.0,0.0968139582888708,0.0647713221969359,0.0,0.0,0.0,0.0,0.0,0.15429106736362636,0.03970867858341631,0.0,0.0,1
0.014087354874768726,0.9130896487264559,0.0,0.0,0.0,0.0,0.0,0.9006476409411281,0.15862230676682837,0.15201839847962156,0.0,0.07317839301262696,2
1.0,0.9627921730238844,0.8858950367261846,0.9050918459214548,0.979834102846171,0.11081468776319289,0.9938533595605799,0.9914185112352989,0.9777397377782897,1.0,0.9348074107183721,0.0,0
0.9712022554054373,0.955998676944016,1.0,1.0,1.0,0.0,0.8554395254979512,1.0,1.0,0.9797242785982141,1.0,0.14523266233817494,0
0.9130881516482938,0.9720903910810449,0.9245808878302637,1.0,1.0,0.03486242281918811,0.8393000545471012,0.9492541019816928,0.8234500382427812,0.8691524972784985,1.0,0.16697847218937834,0
0.0,1.0,1.0,0.020601729299539073,0.0,0.0,0.08944982788497002,1.0,1.0,0.17582504605651833,0.0,0.061984281550770376,4
1.0,0.04416256554678613,0.0690538185862894,0.0,0.0,0.08075250827714142,0.9668794411987687,0.09056358572589018,0.0,0.05056896501634131,0.0,0.1203657407300131,3
0.0,0.05513484474304309,0.030954863778853314,0.11692542330205988,0.0,0.04527702678104281,0.1782087608007184,0.0,0.0,0.022548361559978802,0.007094088066417759,0.04746873869886098,1
0.07690876323131937,0.0,0.038315700013884735,0.0,0.05380483153866142,0.0,0.12945300912381796,0.0015694293854565666,0.0,0.0,0.0,0.0,1
1.0,1.0,1.0,1.0,1.0,0.0,1.0,1.0,0.8804040916124088,1.0,1.0,0.0,0
0.0,0.030355364310285515,0.0,0.0812442669342899,0.0,0.03925179247291308,0.0,0.1690352152396366,0.07114423568653705,0.0,0.03513031158116184,0.047177108150781494,1
1.0,1.0,0.8893078077956308,1.0,0.959558578176225,0.0,0.920924795146471,0.9969829168093541,1.0,0.8553582604981869,1.0,0.0,0
0.10644219394076737,0.8820348953852801,0.0,0.0,0.0,0.0,0.08692248300677702,0.8563610379456263,0.11069795995221782,0.0,0.03138318334955681,0.0,2
0.0,1.0,1.0,0.0,0.11544302925221686,0.0,0.0,1.0,0.9202299981577062,0.0,0.0,0.0,4
0.0070596873252287695,0.0,0.0,0.0,0.0,0.0,0.1363238187088177,0.14054475098835412,0.1133491095642013,0.0,0.019778166574849987,0.0,1
0.9125848724963006,0.0,0.11907256284643036,0.05421688335225103,0.0,0.02998717155008787,1.0,0.0,0.0,0.16706808059979317,0.0,0.0,3
0.05430234280241969,0.9714615191744778,0.11947700437762512,0.0,0.0,0.10452428875980274,0.12513422873804464,1.0,0.0,0.0,0.008801305497593837,0.0,2
0.06527488384258787,1.0,0.0,0.07375189972626955,0.08912078013876767,0.04043925924759462,0.0,0.8793346194264817,0.13486107230252675,0.0,0.14254320315378266,0.0,2
1.0,0.016948104056823038,0.0,0.012627790606411865,0.08178431910818038,0.0,1.0,0.16361039443122205,0.0,0.08656419918751429,0.17232209884130179,0.0,3
0.0,0.0457303622305546,0.0,0.0753163366096431,0.0,0.031166930966917056,0.0,0.0,0.1322526902306892,0.16672196193044908,0.0,0.02732200469040552,1
0.06322661866523555,0.9015953650873617,0.9188498456903791,0.0039071793126286836,0.010649431967369921,0.004044462020567033,0.170712420369527,1.0,0.986843920576547,0.0,0.0,0.0,4
0.92202139049241,1.0,0.991509495939289,1.0,1.0,0.07475944364342554,0.8350861390949376,1.0,1.0,1.0,1.0,0.0,0
0.8806805323552039,1.0,0.9147251152769219,0.9111981115464248,0.9401570072147497,0.0,0.8827286325062238,0.8388636464300235,1.0,1.0,1.0,0.0,0
0.019653717718543018,0.0,0.02160871484177232,0.09751285857556397,0.01238255964627799,0.010432637740348444,0.08396165779664438,0.0,0.0,0.0037483176037627908,0.0,0.0007802170799151298,1
0.07993937899088319,0.04154575047344003,0.05630031173274913,0.07103343928872019,0.07194121415187413,0.08268750815753773,0.03806964261224019,0.0,0.0,0.17775620473728349,0.0,0.0,1
1.0,0.0,0.0,0.06444265278784794,0.1017325514626807,0.0,1.0,0.0,0.006866251935294276,0.0,0.0,0.05122536964080507,3
0.01861436025827015,0.0,0.09411254026266158,0.0,0.0,0.0,0.04426018656391853,0.005061838305407046,0.0,0.0,0.0,0.0,1
0.9226200865993268,1.0,1.0,0.9639423763947171,0.9192432674842842,0.09467806087492689,1.0,1.0,1.0,1.0,0.9168700885368246,0.0,0
1.0,1.0,0.9061729624009229,1.0,1.0,0.0,0.9924334879594108,0.9645822116245217,1.0,0.996496787491921,1.0,0.0,0
1.0,0.0,0.03854790278840867,0.0,0.053410444799431606,0.0,0.9290477046695449,0.1632814777482981,0.0,0.024946156365566935,0.0,0.11733196435824017,3
0.0,0.0,0.05431518680094996,0.11590955308285147,0.02298307838970859,0.004226246121679017,0.11589837208096121,0.0682989062073937,0.0,0.01931873518271543,0.020276310782436635,0.15333208207622362,1
0.042793990061364806,0.007885311662169436,0.0,0.029028304281495526,0.07197692812676393,0.10688767735938384,0.14326050955334496,0.0,0.16438569476977755,0.0,0.0,0.07094955990659779,1
0.0,0.9802488779527114,1.0,0.03406462927220344,0.0,0.0,0.146829604880874,1.0,1.0,0.0072750685354195654,0.056613304934976044,0.02201518470439609,4
1.0,0.08414251947807008,0.10936042241428567,0.0,0.014056460645065355,0.0934008727693425,1.0,0.06573651537617489,0.11022802571792983,0.10018660040775268,0.0,0.1133754677176555,3
0.021475426654682273,0.0,0.0,0.10769061347179651,0.0,0.0,0.11569153182910158,0.0,0.16804985736223005,0.03809330383339071,0.12293026794643624,0.05840043639852757,1
0.10593690881949705,0.9027411334532982,1.0,0.0,0.0,0.0,0.07815123337174729,0.9535416532380567,0.9041708230483959,0.11432614960648235,0.15558031154049728,0.0715077350927803,4
0.11568517424410052,0.9882754266082244,1.0,0.08656890067947157,0.0,0.022420581108832327,0.061573127578783526,1.0,1.0,0.13850794501541064,0.0,0.0,4
0.0,0.9153703624367295,0.037287503397785804,0.0,0.09095762494400286,0.0,0.16410566465149173,0.9486308454533248,0.04165083646879286,0.0,0.15239505866835112,0.15115449719525537,2
1.0,0.0,0.0,0.03560102749810681,0.0,0.11467580279340275,0.863191804797819,0.06156855828732882,0.0,0.0,0.1793321923166405,0.08815685314508614,3
1.0,1.0,1.0,0.9523958400585276,1.0,0.0022854158675310182,0.860587718537371,0.9998497148581567,1.0,1.0,1.0,0.175277711823548,0
0.07949301087003902,1.0,0.0,0.0,0.053997385144962495,0.0,0.04881735796112088,0.9178698825126379,0.10126401315049416,0.0,0.1701198721636049,0.0,2
0.0,1.0,1.0,0.0,0.0,0.0,0.05821836253500487,1.0,1.0,0.1556648681277229,0.0,0.044270644998835845,4
0.038225731878671954,0.9311700765661203,0.9363115086824154,0.0,0.03358479146938026,0.06500587787869255,0.0,0.9905253104033199,1.0,0.1419847023592623,0.11937479466156231,0.10146913206170477,4
0.07210873376016672,1.0,0.9378216558283259,0.022981540781258664,0.0,0.0,0.0,1.0,1.0,0.0,0.13922093268603308,0.06861596953560528,4
0.03862046646959519,0.9024393745367542,1.0,0.017499186476998524,0.0,0.031284679900653645,0.13762327590926227,1.0,1.0,0.0,0.0,0.15257735721880078,4
0.03877879761972239,0.0,0.0,0.0,0.0,0.09042128331252075,0.16801906563729263,0.13368413456978023,0.0,0.0,0.08893055493821966,0.03745903442319007,1
0.1138799632253957,1.0,0.0,0.026088717731673233,0.04962882302603708,0.0,0.13729957560131179,1.0,0.0,0.12885173075869094,0.16108367346255587,0.0,2
0.043430580478503567,1.0,0.98590748200136,0.0,0.05712587394929003,0.0,0.14032856346623063,1.0,0.8536538651786234,0.15248417858194874,0.04023865284592265,0.0,4
0.0,0.985930257003362,0.0012702130247250892,0.05638274508732047,0.06247787145831307,0.07670491389112027,0.03426601017557951,0.8750075352119413,0.08159336465039663,0.0,0.0,0.0,2
0.9294471613770497,0.045453484862442634,0.10183493666131796,0.0,0.0,0.07527305945499835,0.8361124430308822,0.0,0.0,0.06067181000818836,0.1375001243649721,0.0,3
0.9810645615454059,0.9962155153441429,0.8984611267348377,0.9404079370693367,0.9391816164032807,0.03000808506453473,1.0,1.0,0.9386350178605337,0.9405050405489045,1.0,0.12942304815630068,0
1.0,0.0015970688592105708,0.0,0.0,0.07787245692865674,0.05650635702747825,0.8426018716231904,0.0,0.08384910480488411,0.043144339859739256,0.1143732639762321,0.0,3
1.0,0.0,0.08332193089177603,0.0,0.011637767914335684,0.0,0.8235481953629519,0.0,0.04476960822229015,0.0,0.0,0.0,3
0.9544978841455146,0.9884593272881638,0.8936536122001486,1.0,0.8984154402816292,0.08742000814205739,1.0,0.9819041333143262,1.0,1.0,0.9357496346369543,0.0,0
0.024163060899973526,1.0,0.0,0.05218625618750061,0.0566405970901753,0.0,0.0,0.8520901936477842,0.08660923878246674,0.15739583423537234,0.08806239082755718,0.0,2
0.03605960239639333,0.9304079924541602,0.0,0.09292651195472273,0.0,0.05822098481983265,0.15318023022643823,0.8469566564191466,0.016768448224989546,0.0,0.08112623729341822,0.17627206142213703,2
0.029070196753216926,0.9822645624598584,0.0,0.0,0.0730810716704304,0.0,0.12333722010728243,1.0,0.051715583712885094,0.10291438653702273,0.1535781309156639,0.0,2
0.01714574172255104,0.0,0.0,0.0,0.00043754774539070396,0.06571803277350158,0.04175886153391267,0.08484039149231615,0.0,0.0,0.09963788356500608,0.0,1
0.0,0.07536629221307248,0.0,0.08832848967705847,0.05747819524148398,0.08756195644910461,0.05921768469298447,0.15353453202076062,0.0,0.16441270920425766,0.17129617994020546,0.0,1
0.0,0.0,0.03709106899276737,0.045064016826666276,0.0,0.0,0.0,0.06501805382284143,0.09178988421954004,0.0,0.10216383010687352,0.0,1
0.9831731559975603,1.0,1.0,0.9915971656592835,0.9861183518331538,0.0,1.0,0.9406677719475284,1.0,1.0,1.0,0.0,0
0.0,0.0,0.0,0.0,0.0,0.11019550097920061,0.006122510971380224,0.07940171862886702,0.1027198572097962,0.0,0.02236984274581602,0.02442042691391222,1
1.0,1.0,1.0,0.9036202890764702,0.9766291077045445,0.0,0.9099303212375562,1.0,0.9795270682192445,1.0,1.0,0.0,0
0.0,1.0,0.9720953623297186,0.0,0.0,0.02683294492240232,0.0,0.8712422893757419,1.0,0.0,0.09361771857393453,0.11718712975765627,4
0.0,0.0,0.031252143510189095,0.0,0.0,0.04159169575865107,0.0,0.15409719005988015,0.0,0.10328108315852519,0.0,0.0,1
0.0,0.0,0.0,0.10997720075629289,0.023845805470783132,0.015265128560583652,0.17739929653487235,0.13222886363715397,0.0,0.11893088689354109,0.03630193718803201,0.10606178529376242,1
0.9042152111422017,0.8880583061810274,1.0,1.0,0.8916823170984998,0.05772985883516679,0.9241348424874107,1.0,1.0,0.9348053306929092,1.0,0.06211148451728893,0
0.0,0.9576944156142819,0.002965351480513842,0.0,0.0,0.0,0.021958653183883736,0.9940058268784902,0.1467596725600705,0.011953405308527176,0.0,0.0,2
0.0,0.9846035507556065,0.11033792433447534,0.06104967240883763,0.0,0.09245325840916102,0.031118368482318887,1.0,0.0,0.0025588322796386564,0.12066297472567833,0.12913279399021432,2
0.10604279508121428,0.10770998521998765,0.0,0.0,0.00015225967312240685,0.054852981471341405,0.0,0.0,0.14459770494287033,0.013365536045718274,0.17048876539711477,0.0,1
1.0,1.0,0.9368670532880035,1.0,1.0,0.0,0.8413688201101628,0.9462935724230191,0.9211906067644713,1.0,0.9365153017076854,0.07345935423186789,0
0.9816581854152944,0.9464032537533404,0.8808509653810678,1.0,1.0,0.0,1.0,1.0,1.0,1.0,0.8733137628042937,0.0,0
0.9974700942197531,1.0,0.9444921165009966,0.979414021447609,0.9884780134120874,0.03207066320407145,1.0,0.9378241408579349,0.8208903106511145,1.0,1.0,0.08313549749533905,0
0.9349460281146771,1.0,1.0,0.8970057639732768,0.9371211122485589,0.040554666791107336,1.0,0.888547569170276,0.8548950931223764,0.9751784256662959,0.9724883042871715,0.0,0
0.10570496096111895,0.04816726282192421,0.0,0.0,0.0,0.0,0.0,0.0,0.05573976319560592,0.1387696741547036,0.0,0.0,1
0.0,1.0,0.9432809554003623,0.08211524599557082,0.05804977215745255,0.07708271075947112,0.0,0.9952652359384087,1.0,0.0,0.02058481662368264,0.0,4
0.9171034359760858,0.0,0.06393537174983022,0.06859467060287705,0.08456574825872748,0.02642957507835164,0.9169779470737315,0.15582367639711459,0.0,0.12824551329313255,0.0,0.0,3
0.022182016941486443,0.9307647906379722,0.9570497324184047,0.011309220486851596,0.0,0.0,0.0,1.0,1.0,0.0,0.08242709039291485,0.0,4
0.007095060838666206,0.9984678945278259,0.0,0.04347852596617599,0.03512276574780507,0.1101532121498873,0.0,1.0,0.07769639451534582,0.0,0.0,0.08421277416247663,2
0.9074095963261525,1.0,1.0,0.9680468253053011,1.0,0.0,0.9271752166370417,1.0,0.981903643418949,0.945487711656033,1.0,0.0,0
0.0,0.01744247773318322,0.0,0.06816754765692035,0.0,0.0,0.0,0.0,0.0,0.0,0.0,0.09095604823962605,1
0.012509903407935258,0.0,0.0,0.028934806946843777,0.06742197429021249,0.0888283421571204,0.037219311823910944,0.09941282824403957,0.16714433632537107,0.0,0.0,0.06575718661255267,1
1.0,1.0,1.0,1.0,1.0,0.0,1.0,1.0,1.0,1.0,0.882712961543991,0.16874744267994035,0
0.9094284408030628,0.03463464558411122,0.10621889532501819,0.01250885676630814,0.02104099148967145,0.10498468764265317,0.8312966244131601,0.12710432983417702,0.0,0.0,0.0,0.05699860176413438,3
0.0,1.0,1.0,0.0,0.10119859686629604,0.0,0.05953726108748841,0.9766930372916777,0.9643289302825018,0.026062508532534445,0.03351090909577911,0.1524086075382189,4
0.06720946237691569,0.9876592634335145,0.9151854143693092,0.0,0.11424271245799683,0.11100461487009491,0.11351479184124974,1.0,1.0,0.15410726684064113,0.14189889172921227,0.0,4
0.9975221287761211,0.0,0.0040794192845225175,0.03152780961322971,0.0,0.0,1.0,0.0,0.0,0.11726467699259108,0.0063618341341319384,0.0,3
0.03890237599235602,0.0,0.0,0.0,0.08632135487889464,0.011188808115131343,0.0,0.0,0.0,0.020399958173840965,0.12972985297871892,0.0,1
0.9841296079457926,0.0,0.1055856111803681,0.0,0.11346267472078225,0.11791509641058878,1.0,0.0,0.1642236468907124,0.0,0.0,0.0,3
0.01743133571058217,0.945693953681694,0.05888623075703364,0.07064249144711315,0.0,0.0,0.10628093774247155,0.8865603454852029,0.1126324574073187,0.0,0.020181658970464922,0.013110044315836122,2
0.9573311521235366,1.0,0.9257384103856972,1.0,1.0,0.0,1.0,0.9273528112578899,0.9246980050514152,1.0,1.0,0.0,0
0.11466790667373694,0.0,0.0,0.0,0.08086419647886173,0.0,0.0,0.0,0.05804640209617018,0.0,0.0533098169591712,0.0333114000452982,1
0.10978012168775181,0.9563929460357397,0.043704239032402864,0.0,0.0,0.06064656026557819,0.0,1.0,0.052719585090970994,0.0,0.0,0.14452019783443432,2
0.0,0.9655783182204386,0.0,0.0,0.0,0.0,0.0,0.9285523295128065,0.035592874734456575,0.17391689745016947,0.0,0.013025350904863453,2
0.11109265291286063,0.9859310628397671,0.9063783899832938,0.03239753645437832,0.03601772610800277,0.0,0.0,0.9459152457091503,0.878144319582327,0.0,0.0,0.0,4
1.0,0.0,0.032740050010158395,0.028530232115136278,0.0,0.028780870741655667,1.0,0.0,0.0,0.0,0.08746753496291731,0.13806449297336304,3
0.03183114388246758,1.0,0.09596939238294785,0.09033736727369274,0.0,0.0,0.0,1.0,0.17637605418477426,0.0,0.1320767959248385,0.15070428117901896,2
0.0,1.0,0.948328342726255,0.0,0.0,0.0,0.10965069432280822,1.0,0.9662431351287988,0.09471789664879432,0.016020152297314322,0.0,4
1.0,0.9330148601048829,1.0,1.0,0.9137544083556564,0.05888239874447579,1.0,1.0,0.9807867762752058,0.9154764786026355,0.9098347107287004,0.0,0
0.9507780671478713,0.9564920579095978,1.0,0.8978080964239983,0.9208252487562858,0.0,0.9937852431358521,0.831157553458783,1.0,0.8793989901142891,1.0,0.0,0
0.8910378324825311,1.0,0.9504082662316501,0.9699618615460756,0.9149367509678556,0.007479916355702415,0.9066987250682726,1.0,0.8715223792462634,0.9860139688077991,0.9114318421888752,0.0,0
0.0,0.0,0.0,0.0,0.0,0.11292488727847533,0.10440415318228091,0.0,0.0,0.0,0.0,0.0,1
0.09636429355818837,1.0,0.9047446268919457,0.0,0.0,0.04427262189482953,0.16020877989833232,0.9600675515857678,1.0,0.0,0.1605833054489249,0.0,4
0.0,0.9154773329940558,0.9861634351100359,0.0,0.03212507405291726,0.0,0.0,0.8298358502917702,1.0,0.0,0.1114550937735469,0.0,4
0.07072549566196024,1.0,0.9495668311462331,0.0,0.0,0.010986055993019106,0.0,1.0,0.9240317900516805,0.04379578682624957,0.0,0.0,4
0.0,1.0,0.0182493490728739,0.10257893891390599,0.0660955196480246,0.00610413776497723,0.0,1.0,0.0,0.0,0.0,0.15632420722064388,2
0.0,0.018399644723378322,0.0,0.07182478026719544,0.0,0.009784306942038495,0.0,0.06811579766147358,0.0,0.0,0.029162958832600838,0.0,1
0.8902471165817034,0.9906387812804658,0.9203174100949736,1.0,1.0,0.0,1.0,0.8324737997433421,1.0,0.9084825205282884,0.9262378586798979,0.0,0
0.8993897145785901,1.0,0.8957637359968273,0.9460038398939088,1.0,0.01160554417160653,1.0,1.0,1.0,1.0,1.0,0.0,0
0.0,0.0,0.009567983106611389,0.0,0.0,0.10090415422605015,0.0858581933126778,0.17121637301644121,0.0,0.07396248837113728,0.0,0.0,1
0.0,1.0,1.0,0.0,0.0,0.10992122879215929,0.12636473001727994,1.0,0.8354349760423565,0.10858373694466694,0.0,0.0,4
0.0,0.07191841286532752,0.08454027066419417,0.0843330533821138,0.10376876769675566,0.118635132102104,0.0,0.0,0.0,0.05597027305090296,0.0,0.04302567977555985,1
0.0,0.0,0.0,0.07048730509989065,0.0,0.0,0.10960327113383117,0.0,0.1121475707063268,0.17358939100544318,0.06422322142662926,0.0,1
0.8806421734246925,0.9881208891082486,1.0,0.9499022293674466,0.9355542962934462,0.04966939917096799,1.0,1.0,0.9730500277975163,1.0,1.0,0.14702812027653817,0
1.0,1.0,0.9235025345289525,0.971140186987813,0.9660637395585032,0.0,0.9680623349446628,0.8365500371366812,0.9141806322022563,0.9331256601545935,1.0,0.06405441156725916,0
0.11717842019110958,0.061866381534151,0.0,0.10250476948267051,0.11655063350072833,0.08811096063326482,0.08471944076387783,0.0,0.0,0.04014175488121871,0.08728842769486012,0.03377008850140406,1
0.0,1.0,0.07438859242748894,0.04827478897057183,0.0005601464708455267,0.0,0.17654356650400055,1.0,0.0,0.04192824894094213,0.0,0.0,2
0.930696155012875,0.9129363532617585,0.9413246809651502,0.9587493654250818,0.8818551775766349,0.05928338962314428,0.8459471787731768,1.0,0.835228814162605,0.8267469531708325,1.0,0.13035960490034393,0
0.08669948151506643,0.08776311283919466,0.0,0.048533251744801775,0.0,0.0,0.0,0.15281353540497744,0.1223865672216175,0.0,0.17908417548376948,0.06122378949223231,1
0.0,1.0,1.0,0.0,0.0,0.06331413802386265,0.0,1.0,1.0,0.1643563062729863,0.012027204385977236,0.006145020352232716,4
0.0,0.9866334782246804,0.02562312391615415,0.0,0.02702216290347645,0.0,0.08433998747579063,0.9257906703545344,0.0,0.0,0.007219594385059452,0.025881344993042177,2
0.0831862258949369,0.8867317263594805,0.0,0.009976299595471388,0.0,0.023306581397611492,0.17159873280856158,1.0,0.02294615592910218,0.10448125313349449,0.0,0.0,2
1.0,0.0,0.0,0.04713961328460137,0.0,0.0,0.9645139917151527,0.0,0.17482896829397299,0.0478826373023139,0.0,0.0906535392541441,3
1.0,0.0,0.11120576253363504,0.0,0.09423324001093006,0.0,0.8238768532069949,0.0,0.0,0.0,0.04627646487534595,0.0,3
0.9565878127367577,0.9919534160897527,0.9441932018690038,0.9395005318061309,0.9032347966145371,0.0,1.0,0.9325773715104183,1.0,0.9993755951415672,1.0,0.0,0
1.0,0.0,0.02793665445727364,0.057566238293330074,0.08069655591113023,0.0,0.8870291724232078,0.0,0.0,0.07466259103088546,0.0,0.11012309996483377,3
0.07009980859600168,0.9121423123226475,0.89390681042001,0.0,0.0,0.0,0.0,1.0,1.0,0.0923476275719392,0.0,0.0,4
0.019287334531935013,0.9229426098709552,0.9503961668977292,0.0,0.0,0.08764413763398829,0.10410405126876704,0.9143670873214196,0.8251678277199633,0.10458107006029366,0.0,0.0,4
1.0,0.9586704781323501,0.9018910969099236,0.9395725094707013,0.9653782613210281,0.003230322090895077,1.0,0.9099469461597584,0.986335569595446,1.0,0.870325494138324,0.0,0
1.0,1.0,1.0,1.0,1.0,0.09681688897751228,0.9262397625864959,1.0,0.8832304253599503,0.8675775271888421,1.0,0.16973624923608233,0
0.0960523624234402,0.9381383606787612,1.0,0.0696853900946256,0.0,0.07169712825651542,0.0,0.9050733131339598,0.9948040586772625,0.0,0.12843786717355682,0.16192004255772058,4
0.0028092631230969,0.9855253650404318,0.039562134990136166,0.0,9.002523423569386e-05,0.0,0.011046782643734487,1.0,0.12318883953246301,0.1639296443745633,0.1603763758253839,0.12009777620423756,2
0.9083743369126452,0.0,0.09098540246093006,0.0,0.10998582314791319,0.021221573735526633,0.9377714435282392,0.0,0.0,0.0,0.10662994731571429,0.0,3
0.0,0.1034485458394647,0.0,0.11358539596245709,0.07771483927281397,0.0,0.0,0.0,0.08873867017375148,0.159865041980517,0.0,0.1626558309998794,1
0.0,0.08666310649341497,0.02806610093960657,0.0990867865624118,0.0,0.04790750905978278,0.0,0.0,0.0,0.09645894531534283,0.03759848331573734,0.0,1
0.1113585646487002,0.983493253754733,1.0,0.0,0.0,0.0,0.11799635020115512,1.0,1.0,0.0,0.07571941995563769,0.0,4
0.0,0.9565374290834895,0.0,0.04727245938436264,0.0491565122510037,0.06568362751395362,0.0026954650688038595,1.0,0.10181804200442207,0.0,0.09784751680753473,0.0,2
0.9163297914026274,0.9788103746463227,1.0,1.0,0.9008051280318372,0.0,0.9197083565001444,0.8503295377592752,1.0,1.0,1.0,0.10042907490477354,0
0.0,0.9409846250791429,1.0,0.10932276134395202,0.0,0.0,0.0,1.0,1.0,0.0,0.06704654748982147,0.09203463500533543,4
0.9243596889603618,0.0,0.07311259586822322,0.058275217890292774,0.08981623686358306,0.0,0.9499377957505041,0.0,0.04540234806188653,0.024064773622709063,0.138376954374331,0.0,3
0.9513927825160807,0.0,0.0,0.0,0.0,0.10373895386581772,1.0,0.1555355433489511,0.0,0.0,0.08093125078476232,0.0,3
0.0,0.0,0.10539550379325832,0.019228652485247938,0.110184895460922,0.0,0.0,0.0,0.0,0.009605735679280275,0.0,0.0755371039471448,1
1.0,0.10205834210078185,0.0,0.02439895410739959,0.021682328292499137,0.07046399231435854,1.0,0.0,0.0,0.08795151929819112,0.0,0.10372908650702406,3
1.0,1.0,0.9111141624503286,1.0,0.9219164172460927,0.0,0.9617279223784885,1.0,1.0,1.0,0.8876783424244057,0.0,0
0.0,0.036462292540748176,0.10387800175112197,0.0,0.03911493366845939,0.021397509725769204,0.0,0.0,0.0,0.0,0.0,0.08248973720291147,1
0.0,0.8858574845491587,0.050562725354246774,0.0,0.11558249868599613,0.014157049685687179,0.0,1.0,0.17510445697058913,0.06331358420629912,0.0,0.0,2
0.0,1.0,0.06059292522217602,0.09814211110762847,0.0,0.0,0.15587674674363533,0.9573639737010633,0.08013564438515375,0.0,0.014516797287522254,0.0,2
0.032890441276893695,1.0,0.965341157764544,0.0515905007078829,0.0,0.03506212921716895,0.1285429909909382,1.0,1.0,0.002205308376251436,0.0063967631079975,0.02500166255220221,4
0.0,1.0,1.0,0.007424761528122242,0.10605373844865434,0.0,0.09139488876632718,0.9719965179150778,1.0,0.03893929225187351,0.09775194092644579,0.17658590011969055,4
0.8925672637242267,0.9009248026054317,0.9777380232808957,0.9058480563852254,1.0,0.0,0.90825880690634,0.8206013992885203,0.9770592856294786,0.8515408599101523,1.0,0.0,0
0.9255566896213031,1.0,1.0,0.9841664905151267,1.0,0.0,0.8312447031957195,1.0,0.8762267019444104,1.0,0.8555001708280016,0.07701322151924539,0
0.0,0.004171848460715652,0.08703243222196627,0.0,0.0,0.0,0.08785779197671695,0.0,0.03560512818642744,0.0,0.0006434168891310821,0.0,1
0.026661089422040263,0.0,0.032209832653928044,0.00862318229745615,0.0,0.055479177143087505,0.0,0.0,0.04654896274083439,0.0,0.0,0.12257824453470345,1
0.9339841546075731,0.9332919249127268,1.0,0.984304770333779,1.0,0.0,0.8653523674899458,0.9856375805551547,1.0,1.0,0.826272124351645,0.007514013700799627,0
0.044448696441279134,1.0,0.927030231331744,0.021850376791022197,0.0307679236017539,0.0,0.0,0.9000597324066235,1.0,0.0,0.0,0.14792426451200325,4
0.06213413257139336,0.03340489687024564,0.06655901573555237,0.1159422053964285,0.05168807764620528,0.0,0.0,0.0,0.0,0.0,0.0,0.0,1
0.0,0.9828922255137387,0.09930726829878214,0.0,0.0,0.0,0.0,1.0,0.0,0.1179320964319443,0.0,0.0,2
0.919688620754522,0.09669963370522477,0.0071331596241392126,0.0,0.05062811203628753,0.0,0.9476000276759795,0.05393580352163546,0.0,0.0,0.0,0.09207533494321829,3
0.013413513678115663,0.08222373717255199,0.00387201532530862,0.0,0.08720276421337556,0.0603509131959063,0.11225865873845609,0.0,0.05152603992051544,0.0,0.0,0.0,1
0.0,0.034850783388511414,0.0,0.10843729295835855,0.11731750695278303,0.06682333073414146,0.0,0.0,0.0,0.0,0.006693514619171725,0.11268996818479593,1
0.0,0.9801096691610317,1.0,0.10991811087832676,0.0,0.031286564357976165,0.16045680523318878,1.0,0.8909126131174343,0.1283874002712206,0.034568360805572074,0.008511621699870908,4
1.0,0.0,0.07933037473290266,0.007629688240522403,0.0,0.044183702960643334,0.9566650457104343,0.0,0.0,0.08180468725550993,0.0,0.0894245549541125,3
1.0,1.0,1.0,1.0,0.9546191807386954,0.0,1.0,1.0,1.0,1.0,0.8910430376022221,0.010596185182931012,0
0.991216665604637,0.0,0.004581642772827368,0.08347625482127816,0.0766517447894828,0.017074212276362355,1.0,0.0,0.0,0.0,0.14097041745215805,0.12366192119071945,3
0.0,0.9926966584177102,1.0,0.05508819809070234,0.1159937125078554,0.0,0.1316190531472144,1.0,1.0,0.0909548381414726,0.06793198833342931,0.0,4
1.0,0.0,0.0,0.017163051802332435,0.0,0.08346095830001898,1.0,0.0,0.005885364719754538,0.0885758122078148,0.05414448461860891,0.013249022796400944,3
0.11021236522549105,1.0,1.0,0.016562968398856792,0.0,0.0170862229718603,0.003938421904149364,0.8859682002861764,0.9507168577915949,0.015025488315646457,0.11113454491009239,0.15652972433120738,4
0.0,0.042632588476057054,0.09160963510386588,0.03031620180194436,0.0,0.08659790123186353,0.04819341185498477,0.16453724571553463,0.0,0.0,0.0,0.09049311613623279,1
0.08098661789357409,0.9651749191512409,0.022481882818956744,0.07152738906175024,0.11311281092390893,0.06495931255627649,0.024102444925879596,0.9409858654373977,0.17659025444334153,0.10496301960741355,0.0,0.16901407330107743,2
1.0,0.9865949821658366,1.0,1.0,1.0,0.0,0.8427438111049687,0.9876843226694954,1.0,0.868553929596056,0.8805648973878084,0.07185774633024938,0
0.0,0.9340934268858465,0.06572283169396043,0.08902905971238842,0.0,0.07343932375543843,0.0,1.0,0.0,0.09351735014419094,0.156656877717756,0.0,2
0.9450075951498882,0.9979673633258979,1.0,1.0,0.9182061420237176,0.007365600094729641,1.0,1.0,0.9370187169740973,0.8686441459284859,0.9035875081018311,0.09683548478586523,0
0.9867044189626297,0.04375160954266877,0.0700448106278237,0.0,0.08645488224397196,0.07609467992653729,1.0,0.0,0.13800873017714355,0.0,0.1644890014605882,0.0824764240400484,3
0.0,0.996606576791123,0.0,0.0,0.009891479088003086,0.008781542920440727,0.1120692592996742,1.0,0.02650680350810028,0.020055534881782994,0.0421565300868357,0.0,2
0.0,1.0,0.9039700436034481,0.0,0.004619568785934641,0.06152348443902708,0.0,1.0,1.0,0.0,0.0,0.11094641692298762,4
0.9041951974684884,1.0,1.0,0.944908081509928,1.0,0.0,1.0,0.8629760846483939,1.0,1.0,0.938724163348105,0.10772907114300406,0
0.0,1.0,0.04697942998577001,0.0,0.07331178284808251,0.009138953895010321,0.0,0.9082970529529167,0.0733042949463042,0.0,0.047135208095251874,0.0,2
0.031630882781538305,0.0,0.09239974676015386,0.0,0.027628263497266076,0.08624301280017962,0.0,0.0,0.0,0.09351479796402096,0.0,0.0,1
0.0,1.0,0.00015270637627062822,0.057762054870777874,0.0,0.07047856600661576,0.0,1.0,0.07706834935170792,0.16333361549862552,0.0,0.06743827532140159,2
1.0,2.3939479110654527e-05,0.0,0.0,0.0689719918355936,0.10525364760312864,1.0,0.0,0.054894415003872626,0.0,0.02828203150197217,0.0,3
0.04084082872225589,1.0,0.10350203355528723,0.05740045345997313,0.0,0.0,0.0,0.9818835343515322,0.15774962841730705,0.0,0.0,0.02204863503600371,2
0.021289891857725174,1.0,1.0,0.0,0.08710380401179821,0.0,0.0,1.0,0.8649734233957003,0.15618422388179953,0.0,0.09343160767414799,4
0.09729189712156178,0.8974942883720161,1.0,0.0,0.0,0.045840492865157706,0.042749773663901064,1.0,1.0,0.0,0.0031991393200911655,0.0,4
0.0692263365628342,0.8836620511323642,0.038431648991581496,0.0,0.0,0.0,0.0,1.0,0.12681445635451133,0.0,0.0,0.08227490337468962,2
0.9858526685458583,1.0,0.9922645965529048,0.9525768103295967,1.0,0.0,1.0,0.8532163506542064,0.8233091744170495,1.0,0.95470719620732,0.0,0
0.03970193477247125,0.0,0.0005708062071859976,0.0,0.024358115844568345,0.11370142575182715,0.0,0.0,0.0,0.05180831476225459,0.08860713944354448,0.0,1
1.0,0.0,0.0,0.0,0.0,0.0,0.9562275919964764,0.0,0.16764266334902872,0.0580890445168587,0.0,0.07377723137679437,3
0.11508426066373223,0.9900146922330582,0.9773829780624506,0.0,0.04134649443551097,0.024858744768322005,0.0,1.0,1.0,0.0,0.08448125601145279,0.0,4
0.11918263936613485,1.0,0.0,0.10962176843753019,0.0,0.10444520793775464,0.0,0.8249846647970421,0.0,0.0,0.0,0.05912846731684865,2
0.08087693386447498,1.0,1.0,0.0,0.012444375175672096,0.1055901655038731,0.07150698969755676,0.99339495756755,0.9064446960852628,0.11235711868675041,0.0,0.015925493304322885,4
0.9869902515462183,0.06684691658752862,0.11785705786467554,0.10739065212632093,0.0,0.0,1.0,0.0619515073234278,0.0,0.08138696719371963,0.14823080511720255,0.060692931954394125,3
1.0,0.9360095641806783,0.9961147558343552,0.9226215353377372,1.0,0.0,0.9178947468376306,0.9763366901005553,0.9713286340246194,0.8591035004133766,0.8425391589381941,0.0,0
0.9108053674812335,1.0,1.0,0.9798287191769167,0.9184742005840244,0.0,1.0,1.0,1.0,0.8292695646369941,0.8770462962821821,0.0,0
1.0,0.9864185728976295,0.8834722753375511,0.8891214073545208,1.0,0.0,1.0,1.0,1.0,0.8317580564802551,0.8656014415265161,0.0,0
0.9579268322754007,1.0,0.9438194367423945,0.9854131988813278,1.0,0.0,0.8271684005418658,1.0,1.0,0.9918358319449279,0.835393625269166,0.17932832267201276,0
0.0,0.0,0.0,0.0,0.0,0.1088640430530192,0.05764011582194997,0.0,0.13323134778424522,0.1352435286791418,0.0,0.0,1
0.0,0.09066312351872705,0.02194890537679417,0.05596582714222759,0.054108988394200336,0.0,0.1645422902979221,0.12995246854094522,0.0,0.10865714080063893,0.0,0.04042304088626261,1
0.9139724218711394,1.0,1.0,0.9330056815106103,1.0,0.0,0.9354244117643233,0.9591403147721868,1.0,0.842548831952895,0.9112103019850946,0.0,0
0.9659988827392079,0.06019405692954838,0.008422283453252744,0.10960532619606284,0.1022185783859281,0.0,1.0,0.10561021506465323,0.12086526033747763,0.0,0.1299824117468703,0.14431994637478174,3
1.0,0.06608148155447549,0.0,0.0,0.08442606773389466,0.10031789070496233,0.9051319216277295,0.0,0.0,0.0,0.07371344886062386,0.0,3
0.0,1.0,0.8979880929781724,0.07574231797870037,0.0,0.0,0.08722967384757208,0.94965347929152,1.0,0.0,0.0,0.0,4
0.9927576998544763,0.11630497544989402,0.0,0.04152824832895102,0.0,0.09821025945380638,0.9383940452622512,0.01346926234056603,0.1017894539285808,0.0,0.0,0.0,3
0.008013965304456666,0.07703370551306343,0.0,0.0,0.0,0.08898816520652991,0.0,0.13628458799110604,0.0,0.15010635489410912,0.0,0.0,1
0.9146570475036424,0.09640455968004805,0.0,0.04431982346484478,0.042100652191766896,0.0014163176558253804,0.9399138564404821,0.08410893010202158,0.0910148520306609,0.04593632829959002,0.0,0.0,3
0.0,0.9600759572821727,0.0,0.0,0.09052488790584773,0.0,0.0,1.0,0.0,0.0,0.0,0.0,2
0.0,0.0,0.0,0.0,0.10906942745546791,0.0,0.12316504500038811,0.0,0.17495709145357974,0.1415138085450477,0.08841238349745417,0.11892003058302464,1
0.901309337168167,0.9839680753305187,0.8820546915454887,1.0,0.8976361582516126,0.04660941952781639,0.9454121274394185,1.0,1.0,1.0,0.9708536149794514,0.07837844664677784,0
0.0,0.9611239369080092,0.0,0.0,0.08562416708336762,0.0,0.09338542721974419,0.9624452260640954,0.04054900673698264,0.17642507652192208,0.0,0.0,2
0.0,1.0,0.9679294958246178,0.0,0.0,0.09829034021213148,0.09055904157719175,0.9049541661762798,1.0,0.0,0.0,0.0,4
0.022900913325689137,1.0,0.9898897585084924,0.0,0.0,0.09729726982165782,0.0,1.0,1.0,0.06053960742159345,0.07992570277617195,0.0,4
0.9729758128236196,0.9228124783759222,0.9230652004158035,1.0,0.9296768922587517,0.0,0.9130148485124614,1.0,1.0,1.0,0.9623798018131269,0.07288463768225345,0
0.03177232345835371,0.892105319384981,1.0,0.0,0.0,0.04951891418577753,0.10690529273025556,1.0,0.8632086531588292,0.0,0.02082181422549151,0.008857907568832424,4
0.9801955648881198,0.0,0.05880553619624962,0.0,0.03345008533341759,0.0,0.8330075611608928,0.08292624553438421,0.0,0.06677762494262915,0.0,0.0954103082587156,3
0.0,0.9531600170568529,0.0,0.0,0.0,0.023507568809274543,0.0,1.0,0.0,0.0,0.09768452990399179,0.0,2
0.9950561577608303,0.9691992699437002,1.0,0.9916957617523814,1.0,0.0,0.9549618457172775,1.0,0.9966986990630743,0.9540826221672395,0.9716949960499055,0.0,0
0.0,0.0,0.10121813669584062,0.0,0.09299506456521775,0.0,0.0405098270712132,0.0,0.12340891698680667,0.14192840894095876,0.0,0.0,1
1.0,1.0,0.9828561490285819,1.0,0.9635653536547298,0.03576650249207858,0.8368869281002606,1.0,1.0,0.8236189265249695,0.9949844260927166,0.0,0
0.0,0.907572207150069,1.0,0.024084184531086322,0.046769911914508716,0.0,0.0680331682340728,1.0,1.0,0.0,0.17701694455158862,0.1546446383322077,4
0.8892438881415141,0.060849601695664085,0.017160340731990326,0.0,0.037876966783316895,0.0,0.8650278745812925,0.07220984046629697,0.17706143634761906,0.13828322512320407,0.08829160471343023,0.0,3
0.08708517819360795,0.0,0.0,0.0,0.014966576033056816,0.09821003985019158,0.0,0.0,0.0,0.08072599031201894,0.029907713273791353,0.0,1
1.0,0.8953874912236383,0.9252245906295494,0.9637816349784466,0.9589815277421161,0.0,1.0,0.9525479652208705,0.8884076517050338,1.0,0.9720104108342681,0.05231042948121731,0
0.922303933845819,0.0,0.11987261010688208,0.06431362034022287,0.05428586807890273,0.0,0.9851209177680722,0.0,0.0,0.07096806718690163,0.008429695738690485,0.13036315494801015,3
0.0,1.0,0.8957349764697076,0.043856970333238265,0.11456458808576461,0.009931249126073904,0.04774857127698029,1.0,0.9619510772324595,0.09411628895447555,0.1302925156175832,0.0451067827163209,4
1.0,0.0,0.06143961173690285,0.09773137050677136,0.04873793238571289,0.04255917726670805,0.8245638563230804,0.0,0.0,0.05157501828857089,0.0,0.0,3
0.10636443840216223,0.09766634894416762,0.009855074675189285,0.0,0.11171872776855829,0.11891907861568124,0.0,0.04472049284679977,0.020989503775165647,0.141980786363611,0.0,0.027988822796205987,1
0.04560841638124852,0.882560288589729,1.0,0.0,0.0,0.02748313458230356,0.0,0.8253067739007711,0.9153721638904249,0.10836081724362412,0.0,0.0,4
0.0,0.0,0.0,0.0,0.0,0.029068272694103253,0.0,0.15621508318899407,0.03430806775964479,0.0,0.17022201706336365,0.0,1
0.9357743468855878,1.0,0.9084884949227194,0.9526359056737713,0.9225320095434038,0.0,1.0,1.0,1.0,0.8480784684762923,0.9165707314799707,0.02219852855017468,0
0.11715527804419743,0.9718783278868113,0.03879504721018662,0.0740639698277891,0.09658955183846687,0.04705742627376136,0.07110790800148442,1.0,0.0,0.0,0.09369136144520596,0.15227689484261953,2
0.00705953434087786,0.8872022640321879,1.0,0.0,0.0,0.0852714014017373,0.0,0.9830197217360518,1.0,0.17730780432566812,0.0,0.15877927559949156,4
0.05386336410059084,1.0,0.9172351617290677,0.0,0.11880384709910222,0.0575035209664958,0.0,0.897009278893775,0.8795938973120867,0.0,0.06115946846464565,0.0,4
1.0,0.0,0.0,0.0,0.0,0.0,1.0,0.09845347045244318,0.0,0.019261659374832346,0.0,0.0,3
0.9124443346681843,0.051438214980406544,0.07491898062834582,0.11169591241894583,0.046390734236623654,0.0,0.9033030231378874,0.0,0.0,0.032770415039536316,0.0,0.0,3
0.07114464982534424,0.9974036470107774,0.0,0.0,0.0,0.10294373428073714,0.0,1.0,0.0,0.0,0.0,0.0,2
1.0,0.9682587677906948,1.0,1.0,1.0,0.02463690571068916,0.848758573653311,1.0,1.0,0.9800985532227049,0.8576625563504959,0.03467873889477849,0
1.0,1.0,0.9610822338034387,0.9954132118996182,0.9364667173065796,0.05491100319521505,1.0,0.8802066007760649,1.0,1.0,0.8843780341573129,0.020938516833460374,0
0.041648608948954974,1.0,0.0,0.07027888845922597,0.0,0.0,0.037199474216794565,1.0,0.0,0.0,0.0,0.0,2
0.0,1.0,1.0,0.0564336706761272,0.04982414687221662,0.016334024422660243,0.0,0.9102507696483154,1.0,0.15903278399895288,0.027311738049839773,0.0,4
0.11991560098381623,0.0,0.0,0.0,0.11147372856876098,0.0,0.0,0.0,0.0,0.14742430023092568,0.043622140748556776,0.043857807878726035,1
0.0,1.0,0.0,0.019063173183301474,0.004651887552674469,0.0,0.0,1.0,0.1713765839627836,0.0,0.0,0.0,2
0.0,0.0,0.004352760438142728,0.0,0.0,0.0,0.04215149493774814,0.0,0.17332979366732754,0.0,0.010165183929578742,0.11390718572163971,1
0.9608598766700095,0.9738863936971127,0.8975897867496848,0.9896240968483488,1.0,0.0,1.0,1.0,1.0,1.0,1.0,0.16706130202939745,0
0.0,1.0,0.0,0.10665834995579296,0.013153386137015471,0.0,0.0,1.0,0.028976835609164087,0.0,0.14990670067685702,0.0,2
0.973142394378527,0.10802429929783744,0.0,0.06674095861264545,0.02500428645781866,0.0,1.0,0.0,0.0,0.14019941690569276,0.0,0.0,3
0.0,0.0,0.033735510817003767,0.060905202222041516,0.07817914870054998,0.0,0.0,0.0,0.0,0.0,0.08584774389647593,0.0,1
0.0,0.04168465845811167,0.0,0.0,0.07064991056479364,0.08501227178829648,0.16454017558530948,0.0,0.14760337264855278,0.0,0.1767757922184201,0.00828811748007488,1
0.0531425808646028,0.8963816849707535,0.0013335481356800682,0.0,0.021789069269560757,0.0,0.0,1.0,0.0,0.025874810983564978,0.0,0.0,2
1.0,0.04485890179300392,0.0,0.0014774513582708204,0.0,0.0,0.9344895456023024,0.17521902502363695,0.1030004566759175,0.0,0.0,0.0,3
0.07849572010987932,1.0,0.03580874778467491,0.0,0.0,0.0,0.0,1.0,0.0,0.0,0.17185213726863657,0.0,2
0.0,0.9101025333651365,0.8873285890617446,0.0,0.02334166247213887,0.0447876656629069,0.16978665812249644,1.0,1.0,0.08521547163698284,0.06659306276042232,0.1639285117358425,4
0.0,0.0,0.0,0.042986314001901005,0.0029375121558459505,0.04428054267274001,0.11315961540936481,0.09081119699159529,0.0,0.0013530661329939075,0.0,0.0778268244854623,1
0.01523639051718903,0.022718037884249143,0.0,0.11600585851403741,0.10382275107039632,0.07707510587915639,0.0,0.09846209739642836,0.0,0.042108932668947746,0.13197499436944715,0.09485016758176507,1
0.0,0.0,0.08940755119497362,0.0,0.0,0.0,0.033320875968534,0.07414355440568926,0.14349170000644762,0.16413184737645542,0.060528518092710926,0.0,1
0.0,0.9047779067429518,0.03453742375768712,0.0,0.0,0.0,0.07453467461796964,0.8601923177808055,0.008550483296522221,0.0,0.14696577446816528,0.0,2
0.0858658025505549,0.9138315195249491,1.0,0.026377418818663262,0.0,0.09608477111797634,0.0,1.0,0.8970644704672389,0.01328585602340171,0.0,0.0,4
1.0,0.0,0.0,0.05049428074037163,0.0,0.00974423275551961,0.898352985665549,0.0,0.0,0.014359861189161077,0.05540798608501968,0.10925331745031414,3
0.9037539478153791,0.0,0.09012344360751723,0.0,0.0,0.0,0.9075960551097573,0.0,0.1087030164650255,0.0,0.0,0.0,3
1.0,0.9693063086308733,0.9363912249996317,0.898810354753894,1.0,0.0,0.9601333359826785,0.865529185180153,1.0,1.0,1.0,0.10881959238757355,0
0.9123346571352491,0.022583569159853656,0.0,0.1176854536858028,0.0,0.0,0.9983552541876372,0.0,0.1514292115174759,0.12283305565878411,0.09015548814435698,0.0,3
1.0,0.0,0.11174658446640112,0.0,0.04993811261467726,0.0,1.0,0.13820252622220958,0.12937108119358226,0.0,0.0,0.0,3
1.0,1.0,0.9611723422880155,0.8854386037568731,0.9148639630820405,0.0,0.8754246445093711,1.0,1.0,1.0,0.8425831496837083,0.02818455835754166,0
0.905133069116294,1.0,0.8974809722272077,1.0,1.0,0.0015552658074447084,1.0,0.9406892731302174,1.0,1.0,0.9698530456628804,0.14494969430047772,0
1.0,1.0,1.0,1.0,0.9601021045361305,0.0,1.0,0.8689378953094818,1.0,1.0,0.9513247044655561,0.0,0
0.0,0.11123970805479341,0.0,0.0635380640941223,0.06128863639724161,0.07708321614053079,0.02442734031824731,0.037054302808401884,0.0,0.05535935691355687,0.0,0.0,1
0.08107841585873138,0.0028325295901662634,0.0,0.0,0.0,0.0,0.08764033333533566,0.02748355512931383,0.012905956100152327,0.0,0.1452435715884634,0.10297450530586355,1
0.9268717179072616,1.0,0.896265980545559,1.0,0.9775391098220977,0.06996426960567681,0.8900055692692085,0.8961868193127204,0.9068721499298746,0.833520396709535,1.0,0.0,0
0.02728895607197085,0.08708881211661099,0.0,0.0,0.0,0.0849693490082514,0.15004231072128738,0.0,0.0,0.0,0.0,0.0,1
0.0,1.0,1.0,0.0,0.04660878368697924,0.013869248821432312,0.0,1.0,1.0,0.047868689230532974,0.0,0.048064092754334736,4
1.0,0.06269720155013983,0.0,0.10213685055360316,0.0638996412265255,0.0,0.9138958594823878,0.17481707024586335,0.0,0.0,0.1607045344638352,0.0,3
0.0,1.0,0.9253570190802998,0.026834257136901157,0.0,0.0631932455950755,0.0,1.0,0.9775979238989471,0.0,0.0,0.0478866880308704,4
0.0,1.0,0.9868986606736375,0.07209105845507968,0.0,0.0,0.0,1.0,1.0,0.0,0.05919544276024549,0.0,4
0.01784821283384494,0.0,0.0,0.0,0.07510340372106894,0.0,0.0,0.0,0.0,0.0,0.1154007230768016,0.16864513842577478,1
0.0,0.9063756830226846,1.0,0.0023346043788874116,0.0,0.11615396525034583,0.0,0.9915413460904337,1.0,0.0,0.0,0.0,4
0.0,0.8823205582280287,0.04329389138766629,0.0,0.034847385682450105,0.0,0.049489401720130305,1.0,0.10416820479975264,0.0,0.17360956128450689,0.0,2
0.06693942873952799,0.03396430287582303,0.07418423076082231,0.007420554622686676,0.05840807891118954,0.0,0.0,0.05967451057936027,0.0,0.060057863452372795,0.0,0.11512365609308384,1
0.0,1.0,0.9229795158457164,0.0,0.02608721253150656,0.005716126776117159,0.0,1.0,0.9911187577514977,0.0,0.0,0.10081925878534342,4
0.0,1.0,0.9413047753798184,0.0,0.0,0.04285103974259569,0.09631543577601837,0.8826508959005899,0.8903730284686049,0.15982609203981724,0.0,0.13511403836943592,4
0.0,0.9666960290015946,1.0,0.07074880627986246,0.010522117544722237,0.05786753533692121,0.0,0.9053521209557247,0.8590704006685626,0.005273518674937638,0.12891710335229178,0.16410293473133664,4
0.08126306280631021,0.10384434392729294,0.0,0.0,0.0447812755769906,0.0,0.09802311967830979,0.04714814642489762,0.0,0.12397780597523106,0.0,0.06124373014956863,1
0.0,0.9673663752098471,0.0,0.005826155899697649,0.0,0.02488989871989758,0.0,1.0,0.0,0.0,0.0,0.0,2
0.9397659388338886,1.0,0.9238353415226236,1.0,1.0,0.0,1.0,0.9900572426816175,0.9346888355688833,1.0,1.0,0.07099701070614167,0
0.09995621767868279,1.0,1.0,0.060623005334178,0.10954070249789843,0.09456008589500917,0.12528589438279075,1.0,0.9515228441581056,0.0,0.0,0.0,4
0.11635407346259569,0.8924605990003622,1.0,0.04098930809608836,0.029808930516784293,0.0,0.0,0.8827019590955174,0.8667104316843255,0.07138725038525606,0.0,0.0,4
0.060767146077742556,1.0,0.0,0.0,0.0008027121114197039,0.07012816059648536,0.1420887224646019,0.9351145443664802,0.11059142097864982,0.0,0.15986835869790483,0.10596516672443512,2
0.1102366243475546,1.0,0.9672771308711987,0.08336324163867301,0.0,0.0,0.11287641445484836,1.0,0.8452120525882356,0.11523649174815037,0.0,0.0,4
0.0,1.0,0.0,0.0,0.01059618115632932,0.0,0.0,1.0,0.13874280080572415,0.0,0.15509823765963715,0.0,2
0.8949861255436399,0.9795345652854474,1.0,1.0,0.9219708827549186,0.014167312460668657,1.0,0.8385774103622796,0.9598305358548841,0.8586877254217663,1.0,0.16672484825762324,0
1.0,0.0,0.06035980550218334,0.03607347948079634,0.0,0.0,1.0,0.0,0.0,0.13234937502583793,0.0,0.0,3
1.0,0.8826294721583541,1.0,1.0,0.8900420080268481,0.10595202549671809,1.0,1.0,0.8963239996550848,0.8293478652053987,0.9501518127544796,0.0,0
0.10640654459936039,1.0,0.9471190744890149,0.11240164093850719,0.0,0.11414255915856553,0.06555786234563904,0.8588303216245223,0.963531881081761,0.0,0.10936225360818791,0.10143346804173015,4
0.05923636184550185,1.0,1.0,0.0,0.0,0.07949218116014173,0.11126018750473493,1.0,0.8884982158470587,0.16668794284634725,0.04972278132371097,0.0,4
0.9685573771121369,0.11087740597009105,0.11872646674259602,0.0,0.0,0.0,1.0,0.04761136222763396,0.0767017977123472,0.0,0.0,0.0,3
0.0036530050922545937,0.9310101004644527,0.9100498036838094,0.10540837623298888,0.05880652485923696,0.021464532048589918,0.11804481901681174,1.0,0.8302604406647747,0.0,0.11312173946135756,0.060164741976653224,4
0.10257897984779393,0.9961182150252815,1.0,0.020768232940933273,0.0,0.0,0.17089207773849374,1.0,1.0,0.0026960567469681285,0.0,0.14460161214986494,4
0.9291086431810925,0.9488807838846646,1.0,0.9164096289630976,1.0,0.0,0.9913118732044154,0.899789430689608,0.9323758778558627,1.0,0.890878857723459,0.0,0
0.0,0.06188800486554541,0.015499398783292512,0.03555057339032139,0.0,0.054169059586924084,0.0,0.0,0.0,0.04524972522028714,0.0,0.0,1
0.9431665020293096,0.9786338606678032,0.9241668657067601,1.0,1.0,0.011938283607287659,1.0,1.0,0.9834566709974951,1.0,1.0,0.11796399383576117,0
0.8822899525612933,0.9585716646954199,0.97617077829639,1.0,1.0,0.0,1.0,1.0,1.0,1.0,0.9147745276228968,0.0,0
0.0,1.0,0.0,0.027398578575126675,0.0,0.0,0.052373892132051486,1.0,0.0,0.14354249431541538,0.0,0.09500507643568873,2
0.07671780858609298,1.0,0.9590806063917545,0.0,0.0,0.0,0.12060794779632678,1.0,1.0,0.0,0.0,0.11868940110658505,4
0.04861418727585573,0.8963924815368289,0.03914661755879276,0.0,0.0,0.0,0.0,1.0,0.0,0.0,0.11544380124937981,0.15515842993523604,2
0.013022666740399091,1.0,1.0,0.025967688757130514,0.11306573081166849,0.0,0.0,1.0,1.0,0.11057639463250224,0.0,0.08879596558893765,4
0.9120057071656058,0.0,0.0,0.07876759510209844,0.030408653876668745,0.0,0.8967697307447732,0.03443801134607924,0.0,0.07386352786183614,0.0,0.0,3
0.10391952354750006,1.0,1.0,0.0,0.0,0.0,0.0,1.0,0.9340636239088057,0.0,0.1598762846542386,0.08063945323170668,4
0.11269831697013899,0.0,0.10329571758256795,0.026298565174925126,0.0,0.11560440032471017,0.0,0.1176768777106591,0.17887570293358568,0.0,0.0,0.043343340210761666,1
0.11548712889178561,1.0,0.0,0.0,0.04068241181194163,0.015011958689828048,0.0,1.0,0.044404885073225014,0.0,0.025409915864441163,0.0,2
1.0,0.0,0.0,0.022086825450702563,0.0,0.0,1.0,0.0,0.0,0.038522744719764995,0.0,0.01737403499204382,3
0.05705472489944921,1.0,0.0,0.0,0.0,0.10589965323534545,0.033859975590944225,0.8242594527875087,0.006475956297888996,0.0014014074036133028,0.1585367825340273,0.11797365967828638,2
0.9798536104398233,0.9819943542064542,1.0,0.9992343253024277,0.9195446894137397,0.0,0.9882609561137045,0.9216809304804486,0.8531771421221053,0.9793764697062229,1.0,0.0,0
1.0,0.10066543652112298,0.05917479666853792,0.0,0.04078666417571414,0.0,0.8453817661898401,0.0,0.07985468037990773,0.0,0.0,0.10519286672766431,3
0.0,0.9240055545553956,1.0,0.0,0.015181002829525253,0.08604394999765985,0.1612566099848865,0.9442215101773697,1.0,0.0,0.0,0.07132137039991704,4
0.9533574965576195,0.08927226141986058,0.029744844379123392,0.024774459841377466,0.07101332785089495,0.0,0.8275851272310415,0.0,0.0,0.0,0.0,0.12218037630188133,3
0.9685601315943675,1.0,0.9616194041243616,0.9452203332122848,1.0,0.0,1.0,1.0,0.889898786072209,1.0,0.8506360105874886,0.0,0
0.9979400423357736,0.0,0.0,0.02448603782369449,0.11501446802376561,0.0,0.8289160933728716,0.11529629814863801,0.15640459615070634,0.0,0.09632901051281673,0.0911574996748642,3
0.9618746189258123,1.0,1.0,1.0,1.0,0.06865921300988118,0.9950031849934744,0.9624927935691131,0.9006939305553024,1.0,0.8653982426189655,0.04852179141451288,0
0.05678398930473333,0.9026421837424147,0.0497071801138024,0.0,0.09179892556952526,0.0,0.0,0.8996961746858966,0.08001529404234459,0.0,0.0052137714393076795,0.05402343580979596,2
0.005605936358692332,0.047854450695577394,0.052163854363628,0.0,0.011858737573121558,0.03922333038508266,0.0442963757619573,0.02848085038939338,0.07059588960513052,0.12780866036943112,0.0,0.15785893552736224,1
1.0,0.0,0.0,0.017762444613597966,0.0875842654140496,0.0,1.0,0.0,0.0,0.0,0.0,0.0,3
0.9438432661939914,1.0,1.0,1.0,0.8821242928388785,0.050822957568082194,0.976982887655749,0.9316451668329868,1.0,1.0,0.8709127024965271,0.0,0
0.07397995912755684,0.0,0.06506526273012506,0.0,0.036316419715546,0.03583641818494576,0.0,0.0,0.15137868822921524,0.0,0.0,0.028141102209722435,1
0.0,1.0,0.1086261479304789,0.11316069758214287,0.04332283014056845,0.0,0.07003530354272264,1.0,0.016916372415607256,0.0,0.07603213847365708,0.0,2
1.0,1.0,1.0,0.9986738610447548,1.0,0.0,1.0,0.9434919817159009,1.0,1.0,0.8850433791999133,0.17180295951807345,0
0.0,1.0,0.0,0.0,0.0,0.0,0.04187279514962036,0.9909551257286415,0.0,0.07562906659662183,0.03878863357679674,0.0,2
0.0,1.0,0.9277868495195203,0.0,0.03600240717820044,0.0,0.0,0.8852132101255414,1.0,0.026055593439117064,0.0,0.0,4
0.94930157964729,0.931209627492284,1.0,0.905374467090106,1.0,0.06072233872686042,0.8654129096528871,0.9910590980247116,1.0,0.8219135071227235,1.0,0.0,0
0.0,0.9285801241380367,0.08256591278354075,0.0,0.10059921831610688,0.0,0.1145180192778853,1.0,0.0,0.0,0.0,0.14388495072034457,2
0.9666607852640865,0.0,0.03504986706965604,0.0,0.0,0.0,1.0,0.003966277941708701,0.0,0.0,0.05305058087774367,0.0,3
0.0,0.0,0.05075972814566332,0.03398406655100472,0.0,0.0,0.0,0.0,0.033229724570875196,0.0,0.0,0.06856884449567174,1
1.0,0.11513314375918632,0.10166698155835768,0.0,0.10180331391452024,0.0,0.9469676447126872,0.12490818346551263,0.0,0.0,0.009251842607994304,0.09453095332147615,3
0.0,1.0,0.9500331886574088,0.0,0.10146102734365178,0.0,0.06040283594334406,0.8721153516332846,0.8277223034282759,0.07502826044747929,0.0,0.0,4
0.0,0.0,0.0,0.016338939594289892,0.0,0.0,0.0,0.12298029659948256,0.09833872421832168,0.0,0.0,0.08547245905982065,1
0.04482451588334682,1.0,0.0,0.11605693096701802,0.0,0.0,0.0,1.0,0.0,0.13360430853230676,0.0,0.03817552444191627,2
1.0,1.0,1.0,0.9854818712891573,0.9363944941854788,0.0,0.9491566653510316,1.0,1.0,0.8676295261045543,0.8201254238898263,0.0,0
1.0,0.061002327873474205,0.04475179181204411,0.0,0.0,0.0,1.0,0.024884960554359875,0.11701885375034093,0.12461436215752342,0.0,0.0,3
0.06984913933373627,1.0,1.0,0.10914220408550684,0.046356391511106515,0.07398497275300278,0.10610575001612338,0.8700823142911265,1.0,0.0,0.0,0.0,4
1.0,0.024563190655351563,0.10708444238984016,0.0,0.05909764431419959,0.06882982893121484,1.0,0.15936358194794886,0.0,0.14155139254352334,0.12957816955385498,0.0,3
0.07062237375852662,0.0,0.04695666270294058,0.038859432155235046,0.061172970023398415,0.07896260872460892,0.022634672472841816,0.151122902343571,0.0,0.0,0.0,0.03567730878506811,1
0.0,0.0,0.06368275661040965,0.0,0.07591920645709196,0.0,0.0,0.0,0.018736663184178104,0.026976783685710742,0.13467174588253,0.07261916201044094,1
0.9915840932242108,0.06616805022678524,0.0,0.05147775985917549,0.05895416463345268,0.0,1.0,0.07998116930971155,0.0,0.0,0.05675256186922195,0.08318118136307368,3
1.0,0.0,0.08206421897710461,0.0,0.04747683325694718,0.0,0.9757535302363779,0.02574700918018427,0.0,0.03562880830365475,0.0,0.015121232306549187,3
0.9242979929763584,0.0,0.0,0.0,0.05640762565563895,0.04216071432943491,1.0,0.04684249030240403,0.09232013643155468,0.044443857363674316,0.0,0.0,3
0.05167656705950077,1.0,0.048174697774348574,0.06617178301129914,0.006678924679082404,0.04818241041144847,0.0,1.0,0.0,0.10643563565918501,0.029376066121345273,0.07063507927027363,2
1.0,1.0,0.9848249982884993,0.9873705590628948,0.8896901549362161,0.0,0.8427187001699299,1.0,0.8635935113557183,0.9799814091701877,1.0,0.0,0
0.9593965491223878,1.0,0.9911780640020855,1.0,0.9847258544916102,0.09924085788744769,0.9577968615579799,1.0,1.0,0.9039334246421177,0.8406502257135849,0.07061856530492955,0
1.0,0.0,0.0,0.0,0.0,0.0,0.9301542305539954,0.1297018580304417,0.0,0.10650971224955458,0.0,0.07264570472647147,3
0.0,0.8967390127345292,0.0,0.10314481576421203,0.09100437359178248,0.0,0.0,1.0,0.0,0.0,0.08209508671367793,0.006320711049172645,2
0.0,1.0,1.0,0.07766839921633184,0.042605394553792836,0.0,0.0,1.0,1.0,0.0,0.15300260390685244,0.0,4
0.8877498640386069,0.9151382044894807,0.9898255129400587,1.0,1.0,0.0,1.0,1.0,0.9046478927323149,0.9752683064559449,1.0,0.0,0
0.0,0.9893471687181417,1.0,0.0,0.0,0.050398982786096336,0.07309780918935732,0.9248308968741856,0.8251071991670833,0.14343819510273614,0.0,0.0,4
0.9556631565318372,0.9755771563522958,1.0,1.0,1.0,0.0332047834333197,1.0,0.8853273697294147,1.0,1.0,1.0,0.0,0
1.0,0.11859330066476428,0.0,0.0,0.1039976827464777,0.026295199574982636,0.9804246236790054,0.13082413028422013,0.1786304733239918,0.038934514266185716,0.010041618808441038,0.027826154402861653,3
0.0921567919814961,0.0318498545458224,0.08874475467781998,0.018054753436336057,0.0,0.0,0.0,0.0717700402448938,0.0,0.013110602147217237,0.14878295087866505,0.07382655845192443,1
0.05673363118411964,1.0,0.0,0.02639216813847156,0.10333379304553314,0.0,0.11876534524758081,1.0,0.1054506081274984,0.1304657201130986,0.11815181482127668,0.0,2
0.11421763195434384,0.0,0.0,0.0,0.028276585041428992,0.0,0.0,0.0,0.017983615950400073,0.0,0.035416244488703036,0.084041059738863,1
1.0,0.927694109795818,1.0,0.8969460359663007,0.9292822087805824,0.0,1.0,1.0,1.0,1.0,1.0,0.0,0
1.0,0.9187055194242949,0.8894831700931158,0.9384102404855855,0.9633831194916823,0.0,1.0,0.9692020013983353,0.8760782400183713,1.0,0.8814976170823237,0.09534009073692928,0
0.08931559447019147,0.9425081385176068,1.0,0.0,0.0,0.07977441414968559,0.022352744786605788,0.8921054322473612,1.0,0.1778679049961257,0.1504179162055057,0.0,4
0.933576402324587,0.0,0.02223082861364123,0.07361326952671729,0.0,0.0,0.8487642966275691,0.04361700834888432,0.14245013163893067,0.09598567517770185,0.08624344105563819,0.0,3
0.0,1.0,0.0,0.042022039596770505,0.0,0.0,0.14057448462794614,0.9653286314609119,0.0,0.0,0.10141919243868563,0.12117009493031955,2
0.9865629475248209,0.028128580675336856,0.0,0.045665901976867734,0.0,0.0,0.9296359788686323,0.0,0.14818267022272413,0.0,0.0,0.019214463789405445,3
1.0,0.07228138934580886,0.0,0.0,0.0,0.0,1.0,0.03661410349126207,0.1179117455790839,0.013849104180646499,0.04681264694393247,0.014336962263277492,3
0.05721889205302802,0.0,0.06530421078885443,0.04601231846828718,0.03636442028209447,0.003944543116847082,0.0,0.10165219662012065,0.0,0.0,0.1440821755715022,0.0,1
0.06845434672855752,0.11443181248637171,0.0,0.0,0.0,0.11026503336297971,0.0,0.0,0.04600228960507108,0.0,0.04399307785087378,0.11755504719383197,1
0.0,0.933960813084338,0.0,0.0,0.010477575097305625,0.0,0.07362237412021572,1.0,0.0055243707947723875,0.12942999055189053,0.0,0.14454786589363927,2
0.0,0.08767589465968126,0.0,0.0003318484018388773,0.0,0.03977426957303634,0.04371642327860886,0.01335667112654787,0.03413924114474687,0.0,0.08657360018858545,0.1447863891503403,1
0.0,0.04151998871007795,0.09707564160631313,0.0,0.11449577151452248,0.0,0.09000525407061105,0.022064561817298572,0.025792133218872304,0.13414730943520475,0.0,0.0,1
0.016229246743417775,0.883287960074629,0.04671096700041888,0.0,0.0,0.0,0.0,0.825566651847633,0.0,0.0,0.0,0.16969647234445728,2
0.0,0.9611762785585412,0.0,0.011973473669727008,0.04712445487624156,0.0,0.16246356509235244,0.8725396399422608,0.10524002285472678,0.0850748993456738,0.08494012533348927,0.0,2
0.01536957023518018,1.0,0.11139624942424292,0.048267212775334245,0.0,0.0,0.0,1.0,0.0,0.0,0.0,0.17600060505336362,2
0.022174815384464225,1.0,0.0,0.0,0.0,0.03190991918247996,0.0,1.0,0.11600526964374414,0.0,0.1785671853964218,0.023494169107051516,2
0.08925144629552634,0.05378682381686928,0.0,0.0,0.10232692360724216,0.0,0.15394288427014519,0.057132427609708436,0.0,0.1421980677157086,0.1476578313430817,0.0,1
0.035979986026294486,0.08486130478570889,0.016423552591383173,0.10950856888453966,0.1170831813200301,0.10995350806907644,0.0,0.1444369681492822,0.0,0.12668433353608188,0.0,0.0,1
0.9529353492946426,0.08207435239760572,0.0726169191530508,0.0,0.11482007776682429,0.0,0.9351282884593562,0.13276004543031916,0.0696399148378789,0.16554124898015354,0.0,0.0,3
1.0,0.8813583273414016,1.0,1.0,0.934109625233211,0.023473474197810956,1.0,0.9412384477517655,1.0,0.8394964012911634,0.828227059941199,0.0,0
0.0,0.9163468058369951,0.0,0.0,0.10501698404427562,0.0006568427583458353,0.0,0.8307642333756543,0.0,0.0,0.08225944116133549,0.0,2
0.0,0.0,0.0,0.026380864078476535,0.06827054139330138,0.09488449133125473,0.0726764952921371,0.13684308012752555,0.14033300722906206,0.0,0.07996557718721503,0.0,1
0.006830124306147239,1.0,0.9202662274011437,0.018897005928396826,0.0,0.09461855939906944,0.17408260421834998,0.9423286609230704,1.0,0.0,0.0011438208425118834,0.11132355899266494,4
0.11705296644388008,0.8851670445946561,0.09727265159568524,0.04712876337786312,0.09138138276445093,0.07404305753478943,0.060956925223872443,0.8986628288024291,0.1466738783593951,0.015290121046672822,0.01610801406067064,0.14632481457852176,2
0.0,1.0,0.0,0.0,0.0,0.0,0.17498742871464928,1.0,0.0,0.0,0.09069609756935448,0.0,2
1.0,0.05802346047545112,0.0,0.009434632216232086,0.0,0.09300843950001,0.8628883251420165,0.07395709589396027,0.0,0.01654621809515483,0.14840005822252916,0.0,3
0.03151378604623009,1.0,0.9526297195019316,0.0,0.031239012715723102,0.0,0.005270582468086676,1.0,0.8274400291648893,0.1147953529236122,0.1294928790881686,0.0,4
0.10141087975746702,0.020043446483711896,0.06382075251852942,0.0,0.030267603073533877,0.0,0.08653529955307732,0.0599754712717373,0.0,0.0,0.0,0.0,1
0.0,1.0,0.0,0.0,0.08170743213231643,0.0,0.0,0.832079800467553,0.025211420337999668,0.16429558856675075,0.12059942538883744,0.0,2
1.0,0.05054260393984328,0.0,0.07808986942481672,0.0,0.0,1.0,0.011768550892148372,0.0,0.09741160890956102,0.09260995977290676,0.11459055008138797,3
0.9672927915255223,0.004198347709228348,0.0,0.10218804362996864,0.0,0.0,1.0,0.0,0.0,0.0,0.06319013456378589,0.0219672389497636,3
0.007655858387164677,0.04479318448659905,0.05571805003546598,0.0,0.0,0.0,0.0,0.08829084451717767,0.0,0.00463211051853385,0.15280156901948488,0.0,1
1.0,0.0,0.004801071100518847,0.0,0.034128520330826084,0.0,1.0,0.14910634635942865,0.06327889298296097,0.05431290796872565,0.03187351478194156,0.03992916715569045,3
0.972699079094259,0.8948933835173137,0.9126437898661027,1.0,0.9638895245487521,0.0890585298629612,1.0,1.0,1.0,0.8694537392533237,1.0,0.01636478678492767,0
0.0,0.9370606469116387,0.0,0.0,0.032609052412395145,0.0,0.033886587040725,1.0,0.09768968803845612,0.0,0.0936156291754281,0.0,2
0.09133240037526705,0.9741573878361283,1.0,0.0,0.0,0.05036145525778868,0.0,0.9611241566830482,0.8777094778189382,0.08213172285055104,0.0,0.06840154025241374,4
0.0,0.0,0.0,0.11612833690235186,0.012322384285438026,0.11148592535414087,0.0,0.04439028283778487,0.168507805303669,0.0,0.0,0.0,1
0.9557101536966072,0.9875972099936665,1.0,0.9022634947308388,0.9141220154635603,0.06961724264611238,0.9436463769361473,1.0,0.8944704894398001,1.0,1.0,0.11136186887176974,0
0.0,0.93422765218651,0.020233362308310465,0.0,0.029022829935972688,0.07481627060681179,0.17425937995834484,1.0,0.038383345197131186,0.17710156209676509,0.09249047706738767,0.0,2
